id,keyword,location,text,target
10581,windstorm,Chicago,'My Fifty Online Dates and why I'm still single' by Michael Windstorm $2.99 Amazon http://t.co/5KohO39oJE    #kindle  #datingtips #goodreads,0
3973,devastation,Vancouver BC,Is This Country Latin America's Next 'Argentina': One week ago we reported on the economic devastation in he o... http://t.co/m2y9Ym3iF6,0
1409,body%20bag,Paignton,?? New Ladies Shoulder Tote #Handbag Faux Leather Hobo Purse Cross Body Bag #Womens http://t.co/zujwUiomb3 http://t.co/iap4LwvqsW,1
4045,disaster,,If Locke has to pitch in the playoffs it's not a disaster but they should absolutely positively never let him pitch the sixth inning.,0
2111,catastrophe,"West Virginia, USA",Cultivating Joy In The Face Of Catastrophe And Suffering http://t.co/o0LTQDJbQe #pjnet #tcotåÊ#ccot http://t.co/MO9wpTyqkp,0
2591,crash,,Photoshop CS6 Crash Course http://t.co/cVGJFPBtrn #course http://t.co/UgYeGkFs4x,0
9254,sunk,my house,It still hasn't sunk in that i will never see my nan again how has it been 2 months already ??,0
10163,violent%20storm,Yuuko-san's shop,Rather violent storm. Possibility of no stream tonight.,1
435,apocalypse,,Minecraft- NIGHT LUCKY BLOCK MOD (BOB APOCALYPSE WITHER 2.0 &amp; MORE!) Mod Showcase Popularmmos: http://t.co/TNgYE2FKlv via @YouTube,0
2158,catastrophe,"Lima, PerÌ¼","Britney Spears &gt; Vegas!! I missed you so much! ?? CanÛªt wait for the show tonight ?? #PieceOfMe 

?? Catastrophe ?? http://t.co/4mJyW7p7Cf",0
10429,whirlwind,,Whirlwind weekend #1 starts in 12 hours #cantwaittoplayinminneapolis,0
6596,inundated,Ireland,A Laois girl advertised for a new friend to replace her loved-up BFF and has been inundated http://t.co/IGM2fc4T0M http://t.co/YiLTu7SXAr,0
2801,curfew,,Why Charlie Lim start at 9pm on this Sunday..... I have curfew leh :-(,0
4220,drowned,,Visting Georgina at The Drowned Rat Cafe.....awful view!! http://t.co/pYLFb3tI9U,1
9888,traumatised,Londonstan,"ÛÏ@_keits: @LIVA_GOTTA get a gold chain you'll understandÛ

One boy gave me one and my neck went green It traumatised me",0
2480,collided,,16 dead in Russia bus accident: At least 16 people were killed and 26 others injured when two buses collided i... http://t.co/jMBVPanXR3,1
10224,volcano,,@MrMikeEaton @Muazimus_Prime hill hill mountain volcano of hell mountain hill hil.,1
3105,debris,,Malaysia Airlines Flight 370 that Disappeared 17months ago Debris Found South of The Indian Ocean - http://t.co/nrHURYSyPd,1
6601,inundated,"Sunbury, Ohio",@AssassinKPg Brother you don't want my friendship-you want to add your commercials on my posts. Frankly I'm inundated with this crap daily.,0
8374,ruin,,Long Road To Ruin - Foo Fighters,0
7970,razed,,http://t.co/iXiYBAp8Qa The Latest: More homes razed by Northern California wildfire - Lynchburg News and Advance http://t.co/zEpzQYDby4,1
5005,explosion,,The gusto in persist had amongst empty-pated communication explosion: hPSsJD,1
10112,upheaval,,R'lyeh by Upheaval http://t.co/829n4HJHOL,0
10265,war%20zone,Host of #MindMoversPodcast,the war on drugs has turned the U.S. into a WAR zone.,1
5015,eyewitness,East London. ,@Squibby_ I am an eyewitness HA,0
6055,heat%20wave,Somewhere in Spain,@KlaraJoelsson Well I have seen it now! That's a bummer. We've had this heat wave tho... 43'c!! I'd prefer the rain... :P,1
2541,collision,Vancouver,7:13pm #MAPLERIDGE Lougheed Hwy EB is closed between 203rd and Dewdney Trunk Rd because of Collision. ETO is between 8:00 PM and 9:00 PM.,1
184,aftershock,304,'Remembering that you are going to die is the best way I know to avoid the trap of thinking you have something to lose.' ÛÒ Steve Jobs,0
1499,body%20bags,,Womens Cross Body Messengers Bags Clutch Small Shoulders Zippers Bags White http://t.co/EpIQdBxVZO http://t.co/BhfOYLQLJp,0
4257,drowning,94123,2/his explanation was that 'you request as much as you want provided you get your job done but you're constantly drowning in work!',0
8436,sandstorm,"The Sanctuary Network, Rome",@VillicanaAlicia [[Is it Darude Sandstorm?]],0
3979,devastation,ITALY,#Thorium Radioactive Weapons. Scandals murders and environmental devastation: - VIDEO http://t.co/mly7sDN6eV,1
1356,blown%20up,kisumu,"LONER DIARIES.

The patterns  on the sand
May have been blown away.
The photos in twos
All choked up in flames.... http://t.co/EKfaZ6wVBz",0
2175,catastrophic,,@marginoferror I wish going custom ROM weren't so catastrophic,0
3118,debris,,#?? #???? #??? #??? MH370: Aircraft debris found on La Reunion is from missing Malaysia Airlines ...  http://t.co/oTsM38XMas,1
10171,violent%20storm,,#Amsterdam POV video captures violent landing at Amsterdam Airport Schiphol during a st... http://t.co/AlUMrGl40e http://t.co/8h2KCTFB8I,1
4672,engulfed,,He came to a land which was engulfed in tribal war and turned it into a land of peace i.e. Madinah. #ProphetMuhammad #islam,0
3357,demolition,"Lisbon, Portugal",Draw Day Demolition Daily football selection service that consistently makes money lay yoÛ_ http://t.co/637rc3qc8D http://t.co/teGAjMR8iL,0
3493,derailed,United Kingdom,#tubestrike derailed you? Our #robertwelch cutlery offers will get you back on track http://t.co/bQ8Kyi7Gng http://t.co/GNZwxQktAm,0
9937,trouble,?,When there's trouble you know who to caaaaaall,0
8906,snowstorm,"Louisiana, USA",you're the snowstorm I'm purified. the darkest fairy tale in the pale moonlight.,0
8294,rubble,"Minna, Nigeria",China's Stock Market Crash: Are There Gems In The Rubble?: ChinaÛªs stock market crash this su... http://t.co/KABK3tcJNL ...  via @Forbes,0
2333,collapse,In the clouds...,@BehindAShield @Wars_Goddess Sweet Lord.  (I collapse as my knees buckle),0
4819,evacuation,Washington,Roosevelt Wash. under evacuation order due to wildfire http://t.co/FiJAPxyKRQ,1
2695,crush,w. Nykae ,More than a crush ???????????? WCE @nykaeD_ ?????????? http://t.co/mkJO8x2dKo,0
6120,hellfire,"Denver, Colorado",@gg_keeponrockin @StrawberrySoryu Oh okay I just got the message twice and got suspicious. Sorry.  I'll check it out!,1
8006,razed,,The Latest: More Homes Razed by Northern California Wildfire - ABC News http://t.co/aueZxZA5ak,1
438,apocalypse,Las Vegas,I know where to go when the zombies take over!! http://t.co/hUTHXlkyxy,0
1254,blood,,No kinda in it that shii nasty blood. No pun intended,0
2524,collision,"Riverside, CA",San Bernardino I10 W Eo / Redlands Blvd **Trfc Collision-No Inj** http://t.co/FT9KIGmIgh,0
9321,survive,nj/ny,It's going on three years that we have been separated. Sometimes you have to let a man know you will leave him. &amp; that u can survive without,0
1559,bomb,,When you get a bomb ass picture mail ????????,0
9608,thunderstorm,"Tulsa, Oklahoma",Severe Thunderstorm Warning for Oklahoma County until 10:30pm. Radar here: http://t.co/2HV2y2M2oZ #okwx,1
4918,exploded,,The Dress Memes Have Officially Exploded On The Internet http://t.co/3drSmxw3cr,1
9744,tragedy,,Rly tragedy in MP: Some live to recount horror: ÛÏWhen I saw coaches of my train plunging into water I called ... http://t.co/CaR5QEUVHH,1
10034,twister,NY,Crazy Mom Threw Teen Daughter a NUDE Twister Sex Party According To Her Friend50 =&gt;http://t.co/Hy5Pbe12TM http://t.co/c1nJpLi5oR,1
7702,panicking,?,I hear the mumbling i hear the cackling i got em scared shook panicking,0
6058,heat%20wave,"State College, PA",Must Read Forecast! Longest Streak of Triple-Digit Heat Since 2013 What happens next? http://t.co/xXOuPfy8nQ http://t.co/A3BJabHQhe,1
1482,body%20bags,CA,HOBO Hobo Vintage Shira Convertible BÛ_ $238.00 #bestseller http://t.co/0LLwuqn8vg,0
9486,terrorism,,"Truth...
https://t.co/k44tL3rfMy
#News
#BBC
#CNN
#Islam
#Truth
#god
#ISIS
#terrorism
#Quran
#Lies http://t.co/ipT0hoNoTI",0
9707,tornado,,Pretty teen Hayden Ryan poses and strips out of her purple top http://t.co/qew4c5M1xd View and download video,0
7688,panic,"Macon, GA",Romantic dramatic but never panic original sensei write rhymes in the attic,0
3109,debris,,#?? #?? #??? #??? MH370: Aircraft debris found on La Reunion is from missing Malaysia Airlines ...  http://t.co/q1GlK8plUD,1
7176,mudslide,London,First impressions: glad hat man is leaving in lieu of more interesting ladies. Hope mudslide lady triumphs next week.,0
8010,refugees,Ad Majorem Dei Glorium,Police Monitoring 200 Jihadis in Poland http://t.co/1wCOfmLUb9 via @freedomoutpost,1
1658,bombing,,Japan marks 70th anniversary of Hiroshima atomic bombing http://t.co/a2SS7pr4gW,1
3062,deaths,,#CDCwhistleblower 2 deaths from measles complications in 10 yrs everyone looses their shit. 8 dead from Legionnaires in a month &amp; crickets,1
7568,outbreak,"Stockholm, Sweden",@SenateMajLdr let's try to do our best to prevent another outbreak of violence by talking to each other both the people and the politics,1
427,apocalypse,"Oregon, USA",GO LOOK AT GRIZZLY PEAK RIGHT NOW... It looks like the beginning of an dystopian apocalypse movie,0
6410,hurricane,Somewhere Powerbraking A Chevy,@Freegeezy17 you stay in Houston?,0
3793,destruction,,Temptation always leads to destruction,0
9925,trouble,"Boston, MA",@comcastcares hey it's happing again. Any trouble shooting steps for when this happens?,0
7076,meltdown,,http://t.co/HFqlwo1kMy E-Mini SP 500: Earnings letdown equals market meltdown! http://t.co/LEi9dWVllq #Amazon,0
7731,panicking,,I feel like I should be panicking more as Idk I get my results back in a week... I'm Alarmingly calm,0
9322,survive,Barbados,Now realized I honestly can't survive without these glasses now lol,0
8105,rescued,The Multiverse,But now #Skyrim awaits to be rescued...again.,0
644,arsonist,,Big Top Burning The True Story Of An Arsonist A Missing Girl Û_ : http://t.co/QxH1H61cwD .,1
8251,rioting,,if that would of been a black dude Antioch would be rioting,0
4157,drown,,When you lowkey already know you're gonna drown in school this year :) http://t.co/aCMrm833zq,0
8429,sandstorm,,Watch This Airport Get Swallowed Up By A Sandstorm In Under A Minute http://t.co/wD9ODwjj9L,1
5362,fire%20truck,"Niagara Falls, Ontario",Fire Call: BRANT AV / DRUMMOND RD for Fire - *Structure - Single. Units: CAR 6 On Call Truck http://t.co/euDwNFyUeM,1
10755,wreckage,,"Related News: 

Plane Wreckage Found Is Part Of Missing MH370 Malaysia Prime Minister?Says
 - World - BuzzFeed |  http://t.co/qSiPL1C9Fa",1
6380,hostages,EastCarolina,#hot  C-130 specially modified to land in a stadium and rescue hostages in Iran in 1980 http://t.co/FLqxd3q5pY #prebreak #best,1
5282,fear,Midwestern USA,@CowgirlLawyer We must refuse to become a nation with everyone living in fear of being shot unawares by intoxicated &amp;/or crazy people.,1
8968,storm,"Johns Creek, GA",this storm????,0
9280,sunk,,@ShekharGupta @mihirssharma high time TV channels realised what levels they have sunk for TRP and ads.it has become a mockery,0
9100,suicide%20bomb,Lagos,Pic of 16yr old PKK suicide bomber who detonated bomb in Turkey Army trench released http://t.co/uJNRGFAnGj http://t.co/TmIpEgQyeV,1
3147,debris,,MH370: Aircraft debris found on La Reunion is from missing Malaysia Airlines ... - ABC Onlin... http://t.co/N3lNdJKYo3 G #Malaysia #News,1
2058,casualties,Mostly Yuin.,Whimsy as it pertains to mass casualties. Always impressive.,0
4466,electrocuted,North Carolina,I'm loving this classic barn shot! We may or may not have got electrocuted got stung a few times and stepped in... http://t.co/X6aSGRjsWC,1
10125,upheaval,IG/SC:bjfordiani,"But...! Oh! 

How rich the soil?!

How wonderful the upheaval!?

-@ENTERSHIKARI",0
8663,sinkhole,,beforeitsnews : A sinkhole grows in Brooklyn: six-meter crater swallows street Û_ http://t.co/QWo7q1AMh8) http://t.co/esRkmazEq9,1
1673,bridge%20collapse,,"Australia's Ashes disaster - how the collapse unfolded at Trent Bridge... http://t.co/Dq3ddGvgBF
 #cricket",1
10259,war%20zone,"California, USA",GEARS OF WAR 1!(preview member) Come chat! XB1! Welcome to the DANGER zone!: http://t.co/6SdgZ5DXNt,0
9555,threat,Everywhere,Purple Heart Vet Finds Jihad Threat on His Car at Mall: ÛÏAll of you Islamaphobe vets... http://t.co/hWnyXXKczz,0
8739,sinking,MA,that horrible sinking feeling when youÛªve been at home on your phone for a while and you realise its been on 3G this whole time,1
5661,floods,South of D.C.,Slip Sliding Away - Flash Floods Info for Writers w/Tony Nester @SonoranRattler #writingtips http://t.co/sLTtOrRLHs,1
9445,terrorism,,"Truth...
https://t.co/h6amECX5K7
#News
#BBC
#CNN
#Islam
#Truth
#god
#ISIS
#terrorism
#Quran
#Lies http://t.co/B8iWRdxcm0",0
9488,terrorism,,Pakistan Supreme Court endorses military courts for terrorism cases http://t.co/sZeapuEuvy,1
9273,sunk,Essex,FOOTBALL IS BACK THIS WEEKEND ITS JUST SUNK IN ??????,0
2377,collapsed,"Kingston, Jamaica",Another entity forced to close in Montego Bay as a result of the collapsed sewer line #TVJNews,1
9887,traumatised,,@Jude_Mugabi not that all abortions get you traumatised. At times you are okay with the decision due to reasons like rape,0
8933,snowstorm,Mountains,New #photo Oak in a snowstorm http://t.co/JhSCGDA2G8 on the #SouthDowns #Hampshire #Winter #photography #art #tree #treescape #treeporn,0
697,attacked,"Port Jervis, NY",My dog attacked me for my food #pugprobs,0
8650,sinkhole,"Haddonfield, NJ",Sinkhole closes Falmer Drive in Bethlehem Township http://t.co/6TVVlG2fNi,1
5175,fatalities,#WashingtonState #Seattle,"#Seattle's deadliest red light runner intersections revealed
 http://t.co/gHk9Xup6E0",1
570,arson,"Eldoret, kenya",#Kisii Police in Kisii hunt for students over failed arson plot: Police in Kisii hunt for students... http://t.co/m5SbFRrSn7 #CountyNews,1
3283,demolish,us-east-1a,Read this already in '14 but it was and remains one of my favorite articles ever. ?'LetÛªs Like Demolish Laundry'? http://t.co/6suPThAece,0
1190,blizzard,Sydney,@Ashayo @MsMiggi Hi Ashayo! I believe there will be VODs on YouTube after the presentation but there is nothing like seeing it live :),1
8853,smoke,BrowardCounty // Florida ,SMOKE ALOT OF WEED LIKE FUCK KIDNEYS PUT A DUTCH IN ME,0
843,bioterror,"Wilmington, DE",FedEx no longer to transport bioterror germs in wake of anthrax lab mishaps http://t.co/qZQc8WWwcN via @usatoday,0
9800,trapped,Like us on Face ,Hollywood Movie About Trapped Miners Released in Chile: 'The 33' Hollywood movie about trapped miners starring... http://t.co/3Yu26V19zh,0
5337,fire,on a catwalk somewhere,Fire Meet Gasoline always gotta get played twice lol,0
2621,crashed,"Bangor, Co.Down",@johndcgow heard this few days ago while driving and near crashed the car from laughing to much,0
9705,tornado,,@Toocodtodd Hey @wyattb23 let's challenge then to a tornado tag tlc match. Winner take all.,0
6211,hijacker,,Governor allows parole for California school bus hijacker | Fresno Linked Local Network http://t.co/Sww0QsMxVM http://t.co/bcdP4gKokA,0
7898,radiation%20emergency,,WIPP emergency activated because of slightly elevated levels of radiation. #sejorg,1
163,aftershock,Belgium,Aftershock https://t.co/xMWODFMtUI,0
7005,mayhem,BOSTON-LONDON,@RaynbowAffair Editor In Chief @DiamondKesawn Releases Issue #7 http://t.co/ge0yd3mKAv of #RAmag. #Fashion #Models and #Mayhem,0
6946,massacre,,"@Cameron_WATE
 Parents of Colorado theater shooting victim fear copycat massacre

http://t.co/LvlH3W3aWO
#Antioch

http://t.co/vIwXY1XDYK",1
1015,blazing,Everywhere,"**Let - Me - Be - Your - Hot - Blazing - Fantasy**  
#escorts #gfe #DUBAI http://t.co/N6AhgfMUDt",0
461,armageddon,USA,YOUR PHONE IS SPYING ON YOU! Hidden Back Door NSA Data Mining Software | THE FINANCIAL ARMAGEDDON BLOG http://t.co/qyCw5JJaj1,0
10317,weapon,"CT, USA",@Camilla_33 @CrayKain Hate to shatter your delusions but a hatchet is a deadly weapon justifying lethal force. #gunsense,0
9576,thunder,"New York, USA",Waldo Thunder 12U Cooperstown Dreams Park 2015 dedicated to #JoeStrong #GoKitGo http://t.co/eSK4yvzvaP,0
9659,tornado,God is Love. ,My room looks like a tornado passed through it and my OCD is not having it.,0
1319,bloody,PH,Friday supposed to be a happy day but it's a bloody friday hah zzzz,0
6848,loud%20bang,,I don't laugh out loud at many things. But man I really lol @ the big bang theory.,0
5544,flattened,Ventura,I don't doubt it. But it was his implicit statement in doing it that makes me want him flattened by a bus. https://t.co/5hlJUcxI0S,0
3284,demolish,London,Imagine having KP AND Root.... We'd demolish everyone,0
2423,collide,planeta H2o,Soultech - Collide (Club Mix) http://t.co/8xIxBsPOT8,0
4821,evacuation,"Lagos, Nigeria",FAAN orders evacuation of abandoned aircraft at MMA http://t.co/GsOMtDPmoJ,1
2327,collapse,,I liked a @YouTube video http://t.co/BM0QEC7Pja Eminem feat. Nate Dogg - Till I Collapse,0
9935,trouble,,The trouble in one of Buffett's favorite sectors http://t.co/J4dqPFLMkR,0
5236,fatality,New York ,@Babybackreeve FATALITY!!!!!!!!!!,0
10524,wildfire,,For those impacted by the #CalWildfires here are some great recovery tips to help you in the aftermath http://t.co/wwxbGuBww5,1
10855,,,Evacuation order lifted for town of Roosevelt: http://t.co/EDyfo6E2PU http://t.co/M5KxLPKFA1,1
8576,screams,,@4Tiles @ZacB_ my dell tablet screams with win10,0
8883,smoke,PSA Nursing ,@bre_morrow neither of them even smoke so I dk what was going on lol,0
4984,explosion,"Chicago, IL",@AminESPN Mencius tears are worse correct? Takes the explosion n more pain day to day right?,0
6057,heat%20wave,"Jackson, MS",#Jackson #ms Longest Streak of Triple-Digit Heat Since 2013 Forecast in Dallas http://t.co/Ih0Awv3L1O,1
3057,deaths,"Palermo, Sicily",Silence. #Palermo #Shipwreck #Children #Deaths http://t.co/Tm9ZBHJcyf,1
2934,danger,"Newcastle Upon Tyne, England",@TheTXI @GunnersFan89 why would arsenal fans want that? West Ham will be in a relegation battle this season. no danger for #AFC on sun,0
5025,eyewitness,,Interesting approach but doesn't replace Eyewitness video. The Ferguson Case - Video - http://t.co/vEcsoSRleR http://t.co/fiUOgj6hEF,1
9979,tsunami,,Tsunami - DVBBS &amp; Borgeous (Arceen Festival Trap Remix) https://t.co/743JoqazrT via @YouTube,0
10722,wreck,"Greenville, S.C.",Greer man dies in wreck http://t.co/n2qZbMZuly,1
7228,natural%20disaster,,@ConnorFranta #AskConnor if you were a natural disaster what would you be?,0
9958,tsunami,,I feel so lucky rn,0
9980,tsunami,,#sing #tsunami Beginners #computer tutorial.: http://t.co/ia44ncZLif Everyone Wants To Learn To Build A Pc. Re http://t.co/oGTuV1pLhT,0
6,,,"13,000 people receive #wildfires evacuation orders in California ",1
6421,hurricane,The Globe,HURRICANE GUILLERMO LIVE NOAA TRACKING / LOOPING WED.AUG.5TH ~ http://t.co/AuruGJEGIQ ~  http://t.co/L3w8miPvnT http://t.co/O85M1bJFRW,1
8450,screamed,"San Diego, CA","OMFG??
Didnt expect Drag Me Down to be the first song Pandora played 

OMFG I SCREAMED SO LOUD
My coworker is scared http://t.co/VzcvAdkcQp",1
4057,displaced,,#KCA #VoteJKT48ID 12News: UPDATE: A family of 3 has been displaced after fired damaged housed near 90th and Osborn. Fire extinguished no iÛ_,1
4614,emergency%20services,,Brooklyn locksmith: domesticate emergency mechanic services circa the clock movement!: gba http://t.co/1Q6ccFfzV6,0
1361,blown%20up,Making Worldwide Change Near U,Vanessa's game has officially blown up. LADIES AND GENTLEMEN...the real show is about to begin. #BB17,0
3308,demolished,"Terre Haute, IN",I bought a 64oz jar of peanut butter and it's just getting demolished,0
3277,demolish,"Otsego, MI",Set some goals. Then demolish them ?? #fitness #inspiration,0
9842,trauma,,What is the role of usg in paeds major trauma imaging decision tool? #FOAMed #FOAMcc,0
5699,floods,,"Who is bringing the tornadoes and floods. Who is bringing the climate change. God is after America He is plaguing her
 
#FARRAKHAN #QUOTE",0
8091,rescue,U.S.A.   FEMA Region 5,Coastal German Shepherd Rescue OC shared a link... http://t.co/2JxkmkpalP #animalrescue | https://t.co/ec46LyQQc6,0
10419,whirlwind,Las Vegas,Whirlwind Head Scissor on @alexhammerstone @kttape ktfounder #RemyMarcel #FroFroFroÛ_ https://t.co/B19z8Vi3td,0
1447,body%20bagging,PURPLE BOOTH STUDIOã¢,No better feeling than seeing and being on stage with my day ones...... 22 year friendships and we still body bagging mics together.,0
9600,thunder,"Macon, GA",#thunder outside my house this afternoon #gawx ??????????????????,1
5043,eyewitness,,DK Eyewitness Travel Guide: Denmark: travel guide eBay auctions you should keep an eye on: http://t.co/qPUr3Vd7Hl,0
10630,wounded,Wherever I'm needed,-- small bag from the bottom the wounded hero shakes it. A Senzu Bean falls from it. GohanÛªs surprised. Shakes the pouch once more but --,0
1773,buildings%20on%20fire,World Wide,Fire hazard associated with installation of non-compliant external cladding on http://t.co/4I0Kz2aKly - By @www.cbplawyers,0
6849,mass%20murder,"Victoria, Australia, Earth",@samanthaturne19 It was... Nagaski another act of mass murder sanctioned and forgiven cause the Allies won... Not by me.,1
10612,wounded,,Police Officer Wounded Suspect Dead After Exchanging Shots - http://t.co/iPHaZV47g7,1
1452,body%20bagging,,#OVOFest Drake straight body bagging Meek on that OVO stage. #ZIPHIMUP!,0
3312,demolished,"Glasgow, Scotland",@AngusMacNeilSNP Every case for Yes has been utterly demolished utterly. If i was you IÛªd be embarrassed to bring up indy ever again.,0
4403,electrocute,BOT ACCOUNT,Elecman could electrocute me and I'd say thanks.,0
3603,desolation,"Houston, Texas ! ",Photoset: littlebitofbass: silinski: Ed Sheeran onåÊ'The Hobbit: The Desolation of Smaug' German premiere... http://t.co/iOsthxLcyv,0
3838,detonate,Northern Ireland,@SourMashNumber7 @tomfromireland @rfcgeom66 @BBCTalkback They didn't succeed the other two times either. Bomb didn't detonate&amp;Shots missed.,1
7265,nuclear%20disaster,,3 former executives to be prosecuted in Fukushima nuclear disaster http://t.co/Gvj7slbELP,1
4641,emergency%20services,Sydney,Services are returning to normal #SouthLine after a medical emergency at Yennora and urgent track equipment repairs at Cabramatta earlier.,1
9602,thunder,,L B #Oklahoma #Thunder DURANT NBA ADIDAS OKLAHOMA CITY THUNDER YOUTH LARGE SWINGMAN JERSEY RETAIL $75 #NBA #Durant http://t.co/T81oayjoWC,0
4922,exploded,USA,The Dress Memes Have Officially Exploded On The Internet http://t.co/yG32yb2jDY,0
8766,siren,???  Dreamz,I don't think I've forgiven Angelina Jolie yet sef????,0
8289,rioting,A little house in the outback.,AM `bbcnews The Ass British Insurers says rioting will cost insurers163;millions. But police numbers are reduced by blind fat controllers.,1
7195,natural%20disaster,home ,she's a natural disaster she's the last of the American girls ??,0
2146,catastrophe,Ylisse,@MasochisticMage + catastrophe! It caused people to get reckless and the bottom line is that at least three of your friends will have +,0
9058,structural%20failure,india,3. excessive engine failure rate significant maintenance constantly emerging structural defects. Phew that's a lot I say.,0
6546,injury,,Enter the world of extreme diving ÛÓ 9 stories up and into the Volga River http://t.co/dMTZMgyRiK,0
7192,mudslide,,her cake looks like a mudslide hah,0
4755,evacuate,//??//,Tonight is being quite interesting... A few minutes ago the fire system went off and we had to evacuate the building.,1
10107,typhoon,"Halifax, Nova Scotia",Typhoon Soudelor taking dead aim at Taiwan http://t.co/sA5CDWVDXt,1
1914,burning,Australian Capital Territory,#?x?: :and to counter acts such as the burning of the Alexandrian library.,1
4892,explode,Kajang ? UiTM Puncak Alam,My head gonna explode soon,0
9008,stretcher,,@PLlolz @Grazed @Stretcher @invalid @witter @Towel still a lot,0
9453,terrorism,,#Politics DemocracyÛªs hatred for hate: Û_ Dawabsha threaten to erode Israeli democracy. Homegrown terrorism ha...  http://t.co/q8n5Tn8WME,1
6473,injured,Centurion ,4 dead dozens injured in Gaza blast near house leveled in summer war - http://t.co/L53OABEqc9 via http://t.co/q3Izqdk1n0,1
9375,survived,South Asia,'Planted 390 years ago' it was moved to U-S. This Bonsai Survived Hiroshima But Its Story Was Nearly Lost http://t.co/jID4RO34gb via @NatGeo,1
1888,burning,,Kanger coils - burning out fast? via /r/Vaping101 http://t.co/cykr4XAlUH,0
9712,tragedy,New Jersey/New York,There is no greater tragedy than becoming comfortable with where you are in life.,0
5018,eyewitness,Jammu and Kashmir,"Eyewitness accounts of survivors of Hiroshima gleaned from a
number of oral history projects https://t.co/yRQGNbLKaC",1
9151,suicide%20bomber,Saudi Arabia,#saudiarabia 13 confirmed dead as suicide bomber attacks Saudi Arabian mosque - The I... http://t.co/LwAnE9vupg - http://t.co/CpQguFZB28,1
1124,blew%20up,"Ottawa, Canada",Zayn just blew up twitter.,0
3414,derail, Road to the Billionaires Club,@TemecaFreeman GM! I pray any attack of the enemy 2 derail ur destiny is blocked by the Lord &amp; that He floods ur life w/heavenly Blessings,1
5060,eyewitness,South Africa,'I tried to save Mido Macia': One of the murder accused has testified he tried to save Mido MaciaÛªs life. http://t.co/vxVfAEEY0q,0
10119,upheaval,"Auckland, New Zealand",An indepth look at the new world of work and how young people businesses and economies are coping with huge upheaval http://t.co/aYP6zVHm2A,0
8397,sandstorm,,Watch This Airport Get Swallowed Up By A Sandstorm In Under A Minute http://t.co/Z2Ph0ArzYI,1
2491,collided,Cherry Creek Denver CO,2 Cars Collide 1 Crashes Into Building: Two cars collided at an intersection and that sent one vehicle crashingÛ_ http://t.co/TpUu3eaTB3,1
8511,screaming,Justin and Ariana follow,MY FAVS I'M SCREAMING SO FUCKING LOUD http://t.co/cP7c1cH0ZU,0
4026,disaster,,Top insurer blasts lack of Australian Govt action on disaster mitigation http://t.co/sDgOUtWNtb via @smh,1
5117,fatal,"Anchorage, AK",APD investigating fatal shooting of 3 year old child in southeast Anchorage http://t.co/qYccvUubkr,1
628,arsonist,,@local_arsonist LMFAO,0
1486,body%20bags,CA,BESTSELLER! Fossil Dawson Mini Cross Body Bag EsÛ_ $98.00 http://t.co/HhHvKxFAIH,0
7915,rainstorm,"Coventry, Rhode Island",Going to the beach with Jim Alves means a guaranteed rainstorm.  #lucky http://t.co/fejs0Bu0sq,0
4799,evacuated,WA State,Entire town of Roosevelt Wash. evacuated because of wildfire http://t.co/CmwEIojJ55,1
5082,famine,,Russian 'food crematoria' provoke outrage amid crisis famine memories http://t.co/GyH00mRKjm,1
7482,obliteration,,Does Renovation Mean Obliteration? http://t.co/pQ3ipUgkuY #entrepreneur #management #leadership #smallbiz #startup #business,0
3122,debris,,MH370: debris found on reunion island. ?? #sad #tragedy #innocent #crash #mh370,1
4445,electrocute,,THE LINKS TO WATCH THE SHOW BETTER WORK OR I MIGHT ELECTROCUTE SOMEONE,0
2070,casualty,"Santa Monica, CA",1st Quality Insurance Group is #hiring Licensed Property &amp; Casualty Insurance Agent Produc http://t.co/VMJRtuVmh4 #jobs #Denver,0
5540,flattened,,Would've been great if Mbiwa just flattened that little rat.,0
6467,injured,,Washington Post - 4 dead dozens injured in Gaza blast near house leveled in summer war http://t.co/VjXa13n8Ap,1
6293,hostage,"Vancouver, British Columbia",Û÷RansomwareÛª holds B.C. manÛªs computer files hostage: A virus locked Andrew Wilson's family photos and otherÛ_ http://t.co/aQbLjComlN,0
543,army,,One Direction Is my pick for http://t.co/q2eBlOKeVE Fan Army #Directioners http://t.co/eNCmhz6y34 x1434,0
10027,twister,,Reasons brain twister oneself should discount redesigning yours website: ItrAWcWB,0
9737,tragedy,,#breakingnews Rly tragedy in MP: Some live to recount horror: ÛÏWhen I saw coaches of my train plunging into wa... http://t.co/eYOrBmF3O3,1
9126,suicide%20bomb,,wo Pic of 16yr old PKK suicide bomber who detonated bomb in Turkey Army trench released http://t.co/5v29w19tFX /'/'//,1
480,armageddon,The Orwellion police-state,Sadly How Windows 10 Reveals Microsoft's Ethics Armageddon http://t.co/sTfTjCrjEa,0
6913,mass%20murderer,,White people I know you worry tirelessly about black on black crime but what are you going to do about your mass murderer problem?,1
2660,crush,"San Antonio, TX",women crush ???? http://t.co/CFXhQHvbVB,0
5278,fear,,"The Opposite of Love is Fear HereÛªs Why
http://t.co/r5bXZzhXkm",1
1211,blizzard,lakewood colorado,@FAIRx818x @PlayOverwatch @BlizzardCS please blizzard we love you,0
1636,bombing,"Sydney, Australia",Today marks the 70th anniversary of the bombing of Hiroshima a city I visited and was humbled by in November 2013 http://t.co/AcC1z5Q9Zw,1
4820,evacuation,"Eureka, California, USA",Humboldt Cty Sheriff's Office has issued an evacuation advisory for 10 residence in the Lassics area... more info at http://t.co/ERUzBUQZYU,1
1035,bleeding,AZ,Joe Landolina: This gel can make you stop bleeding instantly http://t.co/0BtnIwAgt1 #arizona #realestate http://t.co/hHZY3oqeLa,0
1723,buildings%20burning,"Mackay, QLD, Australia",Mmmmmm I'm burning.... I'm burning buildings I'm building.... Oooooohhhh oooh ooh...,1
1631,bombing,,The United Kingdom and France are bombing Daesh in Syria - Voltaire Network http://t.co/zYSsObXNtC,1
4795,evacuated,Breaking News,Evacuation order lifted for town of Roosevelt - Washington Times http://t.co/Kue48Nmjxh,1
5684,floods,"New York, NY",Download @ iTunes http://t.co/ocojPPnRh1 'Floods Of Glory' by Luiz Santos #jazz #art #Music,0
4306,dust%20storm,,Kids Disappear in Dust Storm in Atmospheric Aussie Thriller http://t.co/TPOaprJudp RT @Newz_Sacramento,1
9212,suicide%20bombing,Istanbul,INFOGRAPHIC: At least 20 Turkish security officials killed in PKK and ISIS terror attacks since Suruc suicide bombing http://t.co/UvAOJzcYcZ,1
6576,injury,California,Quirk Injury Law's News is out! http://t.co/HxVIhDuShP Stories via @dantmatrafajlo,0
5432,first%20responders,,Juneau Empire - First responders turn out for National Night Out http://t.co/94UYT4ojYK,0
6937,mass%20murderer,"Haysville, KS",@BenignoVito @LibertyBell1000 HILLARYMASS MURDERER.,0
6138,hijack,,Bayelsa poll: Tension in Bayelsa as Patience Jonathan plans to hijack APC PDP: Plans by former First Lady and... http://t.co/86RSYy2tng,1
7188,mudslide,Notts,#BakeOffFriends #GBBO 'The one with the mudslide and the guy with the hat',0
5654,flooding,,Wen I finally get the girl I want I'm flooding yall wit all pics of us Rs tho,0
3785,destruction,,"@AlexeiVolkov1 @McFaul
And in an equal spirit I leave you to Roskomnadzor and to ridiculously politicized destruction of 'illegal food.'",0
10387,whirlwind,Somewhere between here & there,"I stand alone
don't piss and moan
about my choices made
If I must reap the whirlwind so be it
I'll do so with demeanor calm and staid",0
911,bioterrorism,"Budapest, Hungary",How about a book describing the future of therapies technologies sport sexuality bioterrorism and diagnosis? #digitalhealth #hcsm,0
3487,derailed,,How many trains derailed that @wmata has to shut down orange/blue in most of DC? The Avengers made less of a mess @unsuckdcmetro,1
6388,hurricane,"#1 Vacation Destination,HAWAII",HURRICANE GUILLERMO LIVE NOAA TRACKING / LOOPING WED.AUG.5TH ~ http://t.co/RjopJKbydR ~  http://t.co/NUFDgw9YEv http://t.co/2oKSCwYoHC,1
3497,derailed,,@ItsQueenBaby I'm at work it's a bunch of ppl and buses because the train derailed,1
10327,weapon,"Slateport City, Hoenn",@Snazzychipz OMG... WHAT IS THE SUB WEAPON,0
4522,emergency,"Indianapolis, IN",UPDATE: Indiana State Police reopening I-65 near Lafayette following emergency bridge repairs that closed key highway for about 28 hours.,1
7711,panicking,PARACHUTE,idm if you burn the whole gotham city bcs I'm just gonna laugh at everyone while theyre panicking.,0
7994,razed,,The Latest: More Homes Razed by Northern California Wildfire - ABC News http://t.co/bKsYymvIsg #GN,1
2386,collapsed,,My portable closet has collapsed 3x and it finally broke and my mom said 'maybe u should get rid of some clothes' lol how about no,0
2149,catastrophe,Portugal,Alaska's #Wolves face catastrophe Denali Wolves population plummeted to 48! #SaveDenaliWolves TWEETSTORM: http://t.co/sywUEL7yYx,0
26,,,My car is so fast,0
8783,siren,"Honolulu,Hawaii ",Serephina the Siren &lt;3 http://t.co/k6UEtsnLHT,0
4265,drowning,CT & NY,@JLabuz what if I'm drowning,0
6112,hellfire,,Hellfire is surrounded by desires so be careful and donÛªt let your desires control you! #Afterlife,1
5664,floods,Australia,In #India 119000 people have taken shelter in the 966 relief camps the government has set up after the #floods:   http://t.co/eU8jypIzsd,1
4642,emergency%20services,"Birmingham, England",@swayoung01 Hi I thought that I recognised your smile. I believe that the Emergency Services are the best Performing Arts followers Simon.,0
6090,hellfire,Riyadh,The Prophet (peace be upon him) said 'Save yourself from Hellfire even if it is by giving half a date in charity.',0
4465,electrocuted,,@steveycheese99 @MapMyRun where you being electrocuted all the way round? The map sure looks like it.,0
1360,blown%20up,Los Angeles,Even though BSG had been sufficiently hyped up for me in all the years I somehow delayed watching it I was utterly utterly blown away.,1
3282,demolish,"Uyo, Akwa Ibom State, Nigeria",Think Akwa Ibom!: DonÛªt come to Uruan and demolish buildings again ex-Assembly member warns Udom Emmanuel  http://t.co/1cnw6NSka5,0
9953,trouble,,Nothing but trouble - Lil Wayne &amp; Charlie Puth????????,0
6610,inundated,NYC&NJ,@allyinwondrland That sounds like the perfect bread! I'll hit up Trader Joes this wknd ??. Not really lol Already being inundated with,0
7781,police,"Stratford, CT",Selection September Bridgeport men charged in home invasion Police looking for burglar. - http://t.co/7mlCD0l0b8,1
2826,cyclone,Vancouver (HQ) and worldwide,Cyclone Komen devastates families in Myanmar this week. We need to help them today: http://t.co/fCujsIOyQO,1
3866,detonation,,Ignition Knock (Detonation) Sensor-Senso BECK/ARNLEY 158-0853 http://t.co/OdMx36WDhM http://t.co/gAHeUjRUJu,1
6644,inundation,Cascadia,@kathrynschulz Plus you're well out of the inundation zone amirite?,0
266,ambulance,,Pakistan air ambulance helicopter crash kills nine http://t.co/8E7rY8eBMf,1
4813,evacuation,"Portland, Oregon",#Breaking: Authorities have issued new mandatory evacuation notices for 25 homes to the North of the fire in #Roosevelt WA,1
6504,injuries,North West London,@likeavillasboas @rich_chandler Being' injury prone' isn't actually just suffering injuries often.,0
3995,devastation,"Mount Vernon, NY",Devastation: coming to a @Target and find the @Starbucks closed ?? #momneedscoffee #asap #iwontmakeit,0
7863,quarantined,"Livonia, MI",Reddit's new content policy goes into effect many horrible subreddits banned or quarantined http://t.co/lFW4KUukeM http://t.co/k3mnk9HnZ5,0
4378,earthquake,,Contruction upgrading ferries to earthquake standards in Vashon Mukilteo: The upgrades will bring the vulnera... http://t.co/Au5jWGT0ar,1
7736,panicking,,Ay I am fully panicking lol,0
6647,inundation,,Beyond all bounds; till inundation rise,0
6881,mass%20murder,Anonymous,http://t.co/c1H7JECFrV @RoyalCarribean do your passengers know about the mass murder that takes place in the #FaroeIslands every year?,1
4619,emergency%20services,"Los Angeles, CA",Want to work in #MissionHills CA? View our latest opening: http://t.co/ZsnSaR1Tw1 #Nursing #Job #Jobs #Hiring,0
9001,stretcher,Florida,How to restore vinyl siding and make it look new again http://t.co/MHL7Pfr7kb http://t.co/lou8lbLA1f,0
3212,deluged,"Karachi, Pakistan",#Glimpses: Hyderabad deluged by heavy rainfall | http://t.co/DctV1uJLHc http://t.co/QOx1jNQSAU,1
9363,survived,,@Michael5SOS FUCKING LIVE HERE IM SURPRISED IVE SURVIVED THIS LONG,0
4954,exploded,Germany,"@lunasagalle @synapsenkotze 
'The Exploded - Bean the Bastard'",0
2385,collapsed,"Spokane, WA",Petition | Heartless owner that whipped horse until it collapsed is told he can KEEP his animal! Act Now! http://t.co/ym3cWw28dJ,0
2908,danger,ayr,Danger of union bears http://t.co/lhdcpNZx6A,0
5480,flames,"Asheville, NC",My Gang Walking Round With Them Brown Flames.  &amp; Thats 100ND,0
8034,refugees,"21.462446,-158.022017",How One Couple Is Using Drones to Save Refugees at the World's Deadliest Border http://t.co/9qpG0Z3Rh9,1
8726,sinking,HOMRA.,"In your eyes I see the hope
I once knew.
I'm sinking.
I'm sinking
away from you.
Don't turn around
you'll see...

You can make it.",0
368,annihilation,"Rock Hill, SC",I reject the laws of the misguided false prophets imprison nations fueling self annihilation,0
2835,cyclone,Tafekop Ga-Matsepe,Like a cyclone imperialism spins across the globe; militarism crushes peoples and sucks their blood like a... http://t.co/n3VbTC6NCa,1
10137,upheaval,Woosley,Ancient Mayan Tablet with Hieroglyphics Honors Lowly King http://t.co/Im6m4XAeN2,0
2836,cyclone,,1970 Mercury Cyclone GT Hood Moulding Very NICE CORE Cobra Jet 429CJ GT http://t.co/jOBVBvKFnZ http://t.co/C8zPmZhTDE,0
5406,fire%20truck,,Evening Sun article on NNO: http://t.co/7cMf3noYNc,0
2688,crush,,Me trying to look cute wen crush is passing by ... http://t.co/Z87zMi3Ozs,0
5887,harm,,"sticks and stones may break my bones
but words will never harm me",0
7316,nuclear%20reactor,Japan,Nuclear-Deal: Indo-Japan pact lies at the heart of two US reactor-based projects: If Japan were to go ahead an...  http://t.co/XKURDr3yEv,1
3256,demolish,"ÌÏT: 0.0,0.0",Enugu Government to demolish illegal structures at International Conference Centre: Enugu State government app... http://t.co/MsKn6D3eKH,0
10811,wrecked,,you wrecked my whole world,0
689,attack,,Attack on Titan game on PS Vita yay! Can't wait for 2016,0
5978,hazard,,Battlefield 4 Funny Moments - Dukes of Hazard Undercover Soldier MAV T... https://t.co/JU8nfpnedl via @YouTube,0
490,armageddon,,Paul Craig Roberts ÛÒ Vladimir Putin Issues Major Warning But Is It Too Late To Escape A http://t.co/NVfKzv5FEx #brics #roberts #russia,1
2771,curfew,,@aptly_engineerd There is no such curfew.,0
9376,survived,,Only one man Tsutomi Yamaguchi is said to have survived both atomic bomb blasts at #Hiroshima and #Nagasaki. #OTD http://t.co/DaalPeNZp0,1
8693,sinking,Sacramento,After a Few Years Afloat Pension Plans Start Sinking Again http://t.co/4cEEuzWHvf,1
10702,wreck,,the sunset boys wreck my bed   original 1979 usa gimp label  vinyl 7' 45  newave http://t.co/X0QLgwoyMT http://t.co/hQNx8qMeG3,1
10551,windstorm,Puerto Rico,Reality Training: Train falls off elevated tracks during windstorm http://t.co/etgQf28MgE,1
9723,tragedy,India,Railways caught unawares by MP tragedy; Accident spot never marked as 'vulnerable' - Times ofÛ_ http://t.co/cEdCUgEuWs #News,1
6500,injuries,,Tonight we have attended a fire in Romford with @LondonFire thankfully no injuries http://t.co/iyjeJop2WI,1
945,blaze,Australia,Property losses from California wildfire nearly double as week-old blaze rages http://t.co/E0UUsnpsq5,1
3569,desolate,"ÌÏT: 33.209923,-87.545328",If this ATL to San Fran flight goes down in a  desolate square state it's been real Twitter.,0
6060,heat%20wave,,NOT.. Ready for this heat wave .. I don't want the sun to come back out.. I'm enjoying this break of cooler temps..,1
316,annihilated,USA,One thing for sure-God has promised Israel will not be annihilated. But...the horror of Iran w/nukes. https://t.co/xn09Mx6sxy,0
10546,windstorm,Georgia ? Tennessee,When I breathe it sounds like a windstorm. Haha cool,0
3513,derailment,"Chicago, IL 60607",Still and Box alarm for the train derailment at 61st and Calumet struck out on the orders of 2-1-21. #ChicagoScanner,1
7164,mudslide,IUPUI '19,Someone split a mudslide w me when I get off work,0
1166,blight,London,@WillHillBet what is double result live on the app?,0
2543,collision,"San Francisco, CA",Solano SR37 / Skaggs Island Rd **Trfc Collision-1141 Enrt** http://t.co/MylIeRUXK1,1
6376,hostages,,"One Year on from the Sinjar Massacre #Yazidis Blast Lack of Action Over Hostages
http://t.co/BAqOcMcJqc",1
5182,fatalities,"Hope Road, Jamaica ","'Use our roads wisely and prevent the carnage from continuing...let us have no fatalities over this holiday period..'
#GGIndependencMessage",0
8097,rescued,Jakarta,Rescued Med migrants arrive in Sicily http://t.co/Z8xIqNgulc,1
8656,sinkhole,Newcastle,"150-Foot Sinkhole Opens in Lowndes County Residential Area
WCTV-35 minutes ago",1
4233,drowned,"Jacksonville Beach, FL",Jacksonville  family bands together as memorial is planned for  ... http://t.co/tilgurKv7Z,1
7046,meltdown,The Universe,&lt;meltdown of proportions commences I manage to calm myself long enough to turn the waters to hot and wait for the steam to cloud my vision-,0
2277,cliff%20fall,,I hope they fall off a cliff.,0
10143,upheaval,Attock,Ancient Mayan Tablet found via http://t.co/LmUMzkLtln http://t.co/yebxxAryBF http://t.co/SRRUqfffr6 http://t.co/CadzxAgMSI,0
3609,desolation,NBO,I rated The Hobbit: The Desolation of Smaug (2013) 7/10  #IMDb http://t.co/dJDeWd13wR,0
6154,hijack,Lagos Nigeria,Patience Jonathan On The Move To Hijack APC In Bayelsa State http://t.co/rJac5sItEp http://t.co/Plqf1bikS4,1
1151,blight,PSN: Pipbois ,@Demetae12 yes i want to be the new blight leader,0
3425,derail, Road to the Billionaires Club,@GloriaVelez GM! I pray any attack of the enemy 2 derail ur destiny is blocked by the Lord &amp; that He floods ur life w/heavenly Blessings,0
8202,riot,,"@teamVODG Discovered by @NickCannon 
 Listen/Buy @realmandyrain #RIOT on @iTunesMusic @iTunes https://t.co/dehMym5lpk Û_ #BlowMandyUp",0
9960,tsunami,,So did we have a hurricane tornado tsunami? Someone please tell me what the hell happened #nopower,1
958,blaze,Mo.City,@Beautiful_Juic1 just letting you know,0
1152,blight,"Colombo,Sri Lanka.","Releases on the planing level -

1. Constellation - Blight on Gaia - iClown's Drumstep Remix
2.iClown - Infinity... http://t.co/7LE5GQ2Psx",0
4211,drowned,WorldWideWeb,#DW Hundreds feared drowned as migrant boat capsizes off Libya: Hundreds of migrants areÛ_ http://t.co/VOX99FWKcX,1
1669,bombing,London,Japan marks 70th anniversary of Hiroshima atomic bombing: Bells tolled in Hiroshima on Thursday as Japan marked 70Û_ http://t.co/NBZiKcJpHp,1
3652,destroy,"San Diego, CA","Plot
In the futurea totalitarian government employs a force known as Firemen to seek out and destroy all literature https://t.co/DRfKarLz1d",0
1520,body%20bags,"California, USA",Womens Handbags Cross Body Geometric Pattern Satchel Totes Shoulder Bags White http://t.co/qvSp6b2qSU http://t.co/0s6ydFrWDQ RT gasparcÛ_,0
9317,survive,Kansas,"Escaping her captors was the 1st step. Now she must survive a deadly storm &amp; a wild-looking recluse.
BETRAYED
http://t.co/0Q040STkCV
#books",1
4580,emergency%20plan,U.S. Northern Virginia,#Biztip We recommend all businesses to get an alternative source of electricity. #Solar Wind and Batteries. Have an emergency plan! Now!,1
4800,evacuated,"Hensley Street, Portland",KATUNews: #SR14 remains closed as brush fire burns 1700 acres: http://t.co/QposKp3MWj #LiveOnK2 http://t.co/mTQjsvupwy,1
8385,ruin,#RedSoxNation,@JulieChen she shouldn't. Being with them is gonna ruin her game and Vanessa is a great player,0
1545,bomb,Australia,New Documents Found Pointing To Japan's WWII Atomic Bomb Program http://t.co/IucPcSfbMT,1
9986,tsunami,#ODU,@TSUNAMI_nopeach ?????? I'm weak af,0
8396,sandstorm,United States,@Hienshi @Gbay99 it wouldnt turn into a sandstorm if riot gave a good answer.  Instead they gave dumb excuses. At least new client is there,0
5509,flames,Bacon,He better than Sean bro. I can admit that Sean is flames now. But he better than Sean https://t.co/aomQ1RYKmJ,0
10212,volcano,ARGENTINA,#Earthquake #Sismo M 1.9 - 5km S of Volcano Hawaii: Time2015-08-06 01:04:01 UTC2015-08-05 15:04:01 -10:00 at ... http://t.co/eTswuoD3oM,1
9454,terrorism,,"Truth...
https://t.co/beJfTYgJIL
#News
#BBC
#CNN
#Islam
#Truth
#god
#ISIS
#terrorism
#Quran
#Lies http://t.co/jlCZiDZ7Vu",0
2043,casualties,USA,Another day has passed and THANKFULLY Central Command has CONFIRMED NO new casualties. Please pray for those in... http://t.co/mFSw0tYstA,1
6754,lightning,"Seattle, WA",What you gonna do now puppies?! No more destroying my #iPhone Lightning cables! https://t.co/Z4jyHaRreW,0
7801,quarantine,Bucharest,#Reddit updates #content #policy promises to quarantine Û÷extremely offensiveÛª communities http://t.co/EHGtZhKAn4,1
1162,blight,UK,Sexual Revolution:Blight For Women is out! http://t.co/T8Sv2ai7sW Stories via @ACeBabes @HealthWeekly1 @AmateurNester,0
5301,fear,"Bremerton, WA",The Walking Dead spin off Fear the Walking Dead is on the 23rd ??????,1
337,annihilated,University of Toronto,@SirBrandonKnt exactly. That's why the lesnar/cena match from summerslam last year was so great because Brock annihilated a guy who's,0
8446,screamed,,someone's gonna get screamed at for getting the lyrics wrong lmao,0
6311,hostage,"Cape Neddick, ME",@EvaHanderek @MarleyKnysh great times until the bus driver held us hostage in the mall parking lot lmfao,1
1660,bombing,"Washington, DC",#Japan marks 70th anniversary of #Hiroshima atomic bombing (from @AP) http://t.co/qREInWg0GS,1
2893,damage,,#JSunNews Storm damage reported in Madison County: Thunderstorm damage reports ar... http://t.co/s7NBowa7TP (via http://t.co/3f7owdEcy7),1
7206,natural%20disaster,,RaÌ¼l sends a message of condolence to Vietnam following natural disaster: On behalf of the Cuban government an... http://t.co/EmrZiCb004,1
6999,mayhem,,Slayer Reflects on Low Mayhem Festival Attendance King Diamond &amp; Jeff Hanneman's Passing http://t.co/lfw4iymsak,0
3174,deluge,eARth 3,the fifth pre-dynastic #king in the legendary period before the #Deluge https://t.co/yr8knEpHGU #Dumuzid ''the Shepherd'',0
2667,crush,,I'm my own woman crush ????,0
1491,body%20bags,"LONG ISLAND, NY",BODY BAGS! https://t.co/0McXc68GZD,0
474,armageddon,,L B #Entertainment lot of 8 #BruceWillis MOVIES #DVD DIE HARD 1 2 12 MONKEYS ARMAGEDDON SIXTH #eBay #Auction http://t.co/CxDJApzXMP,0
561,arson,"Kingston, Pennsylvania",The Sound of Arson,0
2452,collide,Malaysia,When high fashion and food collide http://t.co/qDhxto57EM,0
1568,bomb,"Oxford, OH",Flat out bomb by @FlavaFraz21 #whatcanthedo,0
8345,ruin,"Nashville, TN",If I can't ruin his mood then I may have lost my direction. https://t.co/sLc27EMUgM,0
5603,flood,New York,Spot Flood Combo 53inch 300W Curved Cree LED Work Light Bar 4X4 Offroad Fog Lamp - Full reÛ_ http://t.co/6zCfHi7Srw http://t.co/vWYkDaU1vm,0
3788,destruction,London,@Bonn1eGreer The Angel of History propelled into the future by the winds of progress leaves in its wake piles of death and destruction. WB,0
5665,floods,,@pmharper don't worry I'm sure climate has nothing to do with hail floods tornados in Alberta &amp; Ontario. I'm sure god's just mad at you.,1
7106,military,,@UnivSFoundation For the people who died in Human Experiments by Unit 731 of Japanese military http://t.co/vVPLFQv58P http://t.co/Rwaph6dAUv,1
5996,hazardous,,#foodscare #offers2go #NestleIndia slips into loss after #Magginoodle #ban unsafe and hazardous for #humanconsumption,1
8790,siren,"Charlotte, NC",This cop seriously just turned on their siren to get through traffic and turned it right back off like wtf,0
10250,war%20zone,"nashville, tn ",Sitting still in the #CityofMemphis traffic is like sitting in a war zone! They don't move for the Police.. They don't care,0
6656,landslide,"Roanoke, VA",LANDSLIDE (live) by FLEETWOOD MAC #nowplaying #Q99,0
8947,storm,Somewhere Only We Know ?,omfg.... I just woke up again....,0
3540,derailment,,#ModiMinistry Railway Minister Prabhu calls MP derailment a natural calamity http://t.co/tL41olpAkZ,1
8848,smoke,"MedellÌ_n, Antioquia",Smoke the Weed - Snoop Lion Ft. Collie Buddz,0
8408,sandstorm,"Hamilton County, IN",SANDSTORM!!! WOO HOO!!,1
10682,wounds,,Sorrower  - Fresh Wounds Over Old Scars  (2015 Death Metal) http://t.co/L056yj2IOi http://t.co/uTMWMjiRty,1
1001,blazing,,@dmac1043 Colorado is a Spanish word ([Latin origin] meaning 'reddish' or 'colored')  all you dummies are pronouncing it wrong!!!,0
535,army,,6.Beyonce Is my pick for http://t.co/thoYhrHkfJ Fan Army #Beyhive http://t.co/WvJ39a3BGM,0
6540,injury,,JOBOOZOSO: USAT usatoday_nfl Michael Floyd's hand injury shouldn't devalue his fantasy stock http://t.co/DGkmUEoAxZ,0
3626,desolation,on twitter,yeah 1:57  |  Lamb Of God - Rock Am Ring 2015 - Intro+Desolation HD https://t.co/lEM5Z1NFk3 via @YouTube,0
7815,quarantine,,Reddit Will Now Quarantine Offensive Content http://t.co/cNsHlNjUqX,0
7044,mayhem,107-18 79TH STREET,#NoSurrender Results: Full Metal Mayhem World Title Match Bully Ray Taken Out A Career Comes To An End and More! http://t.co/XEHwmsH7Lv,0
2231,chemical%20emergency,"Tyler, TX",@pjcoyle ... need to be included in emergency planning for chemical plants. See also http://t.co/OamqqBNIce,0
7443,obliterated,don't buy the s*n,Just absolutely obliterated a moth my new purchase is boss,0
4029,disaster,,I'm setting myself up for disaster,0
2916,danger,"Brooklyn, NY",My take away: preservation parks r an imposition &amp; a danger to African people. I never imagined!  https://t.co/Gi2P9TUVBI,0
5680,floods,Estados Unidos,Typhoon Soudelor approaches after 7 killed 2 missing in floods in Philippines http://t.co/nJMiDySXoF via @abc7chicago,1
4405,electrocute,,when you got an extension cord that extends from your bed to your bath tub ?? lets pray I don't electrocute myself,0
8608,seismic,Somalia,Exploration takes seismic shift in Gabon to Somalia - WorldOil (subscription) http://t.co/kqVEVuutDJ #??????? #Somalia,0
9911,trouble,,Having trouble understanding the rotations within a left-leaning Red Black Tree.: My class is currently learni... http://t.co/wGl4LUbnw1,0
3027,death,,going to starve to death,0
3754,destruction,"Georgia, USA",@cinla1964 @windowgatribble The Contrasts of Foreboding destruction enhanced by Expansive divisions of color saturation contrast and hue!,0
9134,suicide%20bomb,Nigeria,#GRupdates Pic of 16yr old PKK suicide bomber who detonated bomb in Turkey Army trench released --&gt; http://t.co/fqcDPhccg7,1
2000,bush%20fires,"Sydney, Australia",SMH photographer Wolter Peeters was on the front line with NSW Rural Fire Service crews laÛ_ http://t.co/gXe7nHwZ3e http://t.co/sRbqlMuwbV,1
5870,hailstorm,"Iliff,Colorado  ",Severe hailstorm in progress over Northeast Logan County... #cowx http://t.co/XK9OwGV1O5,1
2194,catastrophic,"Portland, OR",Something Catastrophic Is Coming: Should We Tune Out? http://t.co/a8jZ5A26wi,1
3410,derail,"Los Angeles, CA",@BV Bloomberg will publish anything negative to try and derail public support in favor of the #IranDeal.,0
9796,trapped,"Greensburg, PA",Did you know @lilithsaintcrow had a new release this week? BLOOD CALL  'An ancient evil has been trapped...' http://t.co/eSwNSetFtf Û_,0
1037,bleeding,,I have been bleeding into this typewriter all day but so far all I've written is a bunch of gunk.,0
2548,collision,Sacramento,South Sac I5 S / I5 S 43rd Ave Ofr **Trfc Collision-No Inj** http://t.co/GpxQBYzYu4,1
6762,lightning,"Greensboro, North Carolina",Expect gusty winds heavy downpours and lightning moving northeast toward VA now. http://t.co/jyxafD4knK,1
10424,whirlwind,Where I Need To Be,@TheEmoBrago back doing another jitsu making a hexagon on the ground as you laid there.* 64 palms of whirlwind * I yelled as air began to +,0
1836,burned,,All you have to do is look up sports riots on google and you'll see more than couches being burned.. You fr gotta go https://t.co/P1AmgINsYs,1
6559,injury,"Shah Alam,Malaysia",Had a nightmare and was about to jump out of bed when I remembered my injury alas it was too late and I screamed in my bedroom,0
7470,obliteration,Merica!,@Eganator2000 There aren't many Obliteration servers but I always like to play when there are :D,0
394,annihilation,"Chandler, AZ",U.S National Park Services Tonto National Forest: Stop the Annihilation of the Salt River Wild Horse... http://t.co/SB5R7ShcCJ via @Change,1
7281,nuclear%20disaster,,Fukushima 'mutant vegetable' images sweep across the region two years after nuclear disaster http://t.co/psi35AU3pc via @MailOnline,1
7091,meltdown,The Internet,Byproduct of metal price meltdown is a higher silver price http://t.co/cZWjw4UV7i,1
2408,collide,,And when those waves shall ripple collide it's on the tide of YOUR LOVE I will survive. #love @LesleyChappelle,0
96,accident,CLVLND,'I can't have kids cuz I got in a bicycle accident &amp; split my testicles. it's impossible for me to have kids' MICHAEL YOU ARE THE FATHER,0
1921,burning%20buildings,"Sacramento, CA",Killing Black Babies at Planned Parenthood where's the demonstrations looting of PP burning down the buildings Black Babies Lives Matter,1
4749,evacuate,U.S.A,California wildfires force thousands to evacuate: http://t.co/GFsl2Kwt5h via @YouTube,1
6470,injured,Bronx NY,@ChristieC733 please support this Please cosponsor S. 928 and support aid for sick and injured 9/11 responders! #renew911health,1
1331,blown%20up,"Inverness, Nova Scotia",@ezralevant Someone told me all the soccer moms are getting this pic blown up and put on their daughter's bedroom walls. NOT!!!,0
9526,terrorist,,Three Israeli soldiers wounded in West Bank terrorist attack - Haaretz http://t.co/u4gSBNU8wc,1
2912,danger,Worldwide,@CarsonRex @SpaceAngelSeven Check out this #rockin preview of @ClaytonBryant Danger Zone Coming soon! https://t.co/P0fiZxmN5r #ArtistsUnited,0
10863,,,#WorldNews Fallen powerlines on G:link tram: UPDATE: FIRE crews have evacuated up to 30 passengers who were tr... http://t.co/EYSVvzA7Qm,1
8043,refugees,tripoli international airport,@KristinDavis @UN @Refugees Thank you @UN and @Refugees for helping so many people in need all over the world.... https://t.co/yPvJgzqqqB Û_,0
9755,tragedy,Jamaica,Rt hirochii0: There is no country that making fun of Hiroshima 's tragedy but Korea. http://t.co/And1Btizao #Indonesia #Malaysia #Jamaica #Û_,1
8927,snowstorm,teh internets,Picking up a man in a bar is like a snowstorm you never know when he's coming how many inches you'll get or how long'll he'll stay.,0
9594,thunder,,thunder is legit,0
10574,windstorm,Argus Industries \m/666\m/,Damn...was wondering where my drone ended up after the freak windstorm...?? https://t.co/dHgGxo7Mcc,1
1154,blight,"Johannesburg, South Africa ",'If you are going to achieve excellence in big things you develop the habit in little matters....' dont know the author,0
9660,tornado,cognitive dissonance town,@soonergrunt better than tornado!,0
9769,trapped,,@BattleRoyaleMod when they die they just get teleported into somewhere middle of ocean and stays trapped in there unless they decides 2/6,0
1093,blew%20up,#SOUTHAMPTON ENGLAND,The universe might not actually exist scientists say http://t.co/DEfJ7XeKgX 'The #SUN blew up and the #Earth began'...,0
4659,engulfed,Kuwait ,He came to a land which was engulfed in tribal war and turned it into a land of peace i.e. Madinah. #ProphetMuhammad #islam,1
7823,quarantine,"San Diego, Calif.",RT @WIRED: Reddit will now quarantine offensive content http://t.co/zlAGv1U5ZA,0
883,bioterrorism,"Sydney, New South Wales",#anthrax #bioterrorism CDC To Carry Out Extensive Review of Lab Safety And Pathogen Handling Procedures http://t.co/bCLqpWFDOd,1
2398,collapsed,"From NY. In Scranton, PA",Apparently part of the building just collapsed. Hope everyone is ok.,1
2545,collision,"Ontario, Canada",CLEARED: COLLISION: #QEW Fort Erie bound approaching Hwy 405 #Niagara.Vehicles removed. ^ag,1
2129,catastrophe,,[reviews] #PixelsMovie not a catastrophe nor a funny movie... our review here : http://t.co/lVbUw01YOH,0
9470,terrorism,Jeddah_Saudi Arabia.,In #islam saving a person is equal in reward to saving all humans! Islam is the opposite of terrorism!,0
5202,fatalities,"Avon, OH",...American casualties including 400000ÛÒ800000 fatalities and five to ten million Japanese fatalities.' https://t.co/TxzXCNUDr8,1
4511,emergency,Phoenix,God forbid anyone in my family knows how to answer a phone. I need new emergency contacts.,0
6091,hellfire,UK,@DeeDee_Casey been on tour in the day to Hellfire caves! Would love to investigate the place though!,0
4094,displaced,Canada,Real people. True stories. Real pain &amp; suffering. #displaced #RefugeesMatter #Syria  https://t.co/OEZ7O9AB2C,1
8512,screaming,[@blackparavde is my frankie],@tyleroakley IM SCREAMING,0
2803,cyclone,United Kingdom,awwww Baby Walter #rewatchingthepilot #TeamScorpion #Cyclone,0
8250,rioting,Australia,Twitter is doing a count down to the rioting and financial collapse of Brazil #Rio2016 http://t.co/9mtrq5Jf4d,1
3595,desolate,the insane asylum. ,@CorleoneDaBoss bc its risky and costly I don't see a need to do that when there isn't anything there. It's totally desolate.,1
9756,tragedy,"Los Angeles, CA",Can't find my ariana grande shirt  this is a fucking tragedy,0
7748,police,"New York, NY",#BREAKING411 4 police officers arrested for abusing children at police-run boot camp in San Luis Obispo Calif. - ... http://t.co/oNLvf2fyoY,1
2703,crushed,,Crushed,0
8361,ruin,,@savannahross_4 see tryna ruin my life,0
10141,upheaval,"Hamilton, Ontario CA",Ancient Mayan Tablet with Hieroglyphics Honors Lowly King: A 1600-year-old Mayan stone tablet describing the ... http://t.co/GLPFu0Uriz,0
4377,earthquake,ARGENTINA,#Earthquake #Sismo M 1.9 - 15km E of Anchorage Alaska: Time2015-08-06 00:11:16 UTC2015-08-05 16:11:16 -08:00 ... http://t.co/Z0VeR1hVM9,1
4913,exploded,?????? in Yokohama Japan,Kakeru Teduka: Bfore 70years of today in Hiroshima it's exploded the one atomic bomd. It is so sad day.http://t.co/8Vzl1ns2iO,1
8266,rioting,,@BLutz10 People aren't rioting because justice has been served and that murderer is behind bars. Simple! No justice=no peace Justice=peace.,1
6714,lava,,contemplating going to chilis just to get a molten lava cake ....??,0
2413,collide,Viejo,It's always super awkward when worlds collide,0
6436,injured,"Srinagar,Kashmir","Militants attack police post in Udhampur; 2 SPOs injured

Suspected militants Thursday  attacked a police post in... http://t.co/1o0j9FCPBi",1
10330,weapon,jayankondacholapuram.tamilnadu,That day remember the nuclear weapon power......Hiroshima 70th,1
6874,mass%20murder,Anonymous,http://t.co/c1H7JECFrV @RoyalCarribean do your passengers know about the mass murder that takes place in the #FaroeIslands every year?,1
7013,mayhem,"Lynchburg, VA",Anyone else think that Stephen sounds like Andy Dick when he gets excited? The difference being... I actually like Stephen. #MasterChef,0
7032,mayhem,InterplanetaryZone,The best. Mind is clear content and observations for days.  https://t.co/pCCwsGCymA,0
4542,emergency,,Denali wolf population declined from 143 in 2007 2 just 48 in 2015. Reinstate emergency buffer zone #ProtectDenaliWolves @Alaska @adndotcom,1
4903,explode,,Learn How I Gained Access To The Secrets Of The Top Earners &amp; Used Them To Explode My Home Business Here: http://t.co/dHaMbP54Ya Please #RT,0
10506,wildfire,,Wildfire Burns On California U.s. China Economic Net Û_ : http://t.co/U2dO2mC2ri  http://t.co/3oM3xw6CZ8,1
5366,fire%20truck,United States,#RFP: Fire Truck Service Body for F-450 (Fire fighting rescue &amp; safety equipment Transporta... http://t.co/8GtRvEcE1N,0
4244,drowned,,HOPE THE DROWNED @eeasterling_2,0
2517,collision,"Denver, CO",Motorcyclist bicyclist injured in Denver collision on Broadway: At least two people were taken to a localÛ_ http://t.co/ozK1QHJVfh,1
6297,hostage,The Great State of Maine ,Islamic State group threatens to kill hostage if Û÷Muslim womenÛª arenÛªt let go - http://t.co/48Zg5ynebn...,1
310,annihilated,Boston,Cop pulls drunk driver to safety SECONDS before his car is hit by train. http://t.co/tHrhKHOGcUåÊ http://t.co/tZSZmF2qxE via @ViralSpell,1
7114,military,,Ford : Other Military VERY NICE M151A1 MUTT with matching M416 Trailer - Full read by eBay http://t.co/9rrYaYlgyY http://t.co/Nm83jOhLUu,0
4606,emergency%20services,"London, UK",I am not an American but I have family who have served in the military work in the emergency services and work in... http://t.co/Pl2VzLrKVK,1
7652,panic,"Toronto, Canada",@tim_micallef when do u think Yankees hit the panic button? #TroubleOnMyMind,0
8279,rioting,,The last time a high profile name was due to be signing for #nffc the City was rioting! Wesley Verhoek now a household name! #don'tpanic,1
9946,trouble,Manila City,@charlieputh that song have a Cool beat like Nothing But Trouble,0
10231,volcano,"California, USA",http://t.co/3nUiH6pkUi #shoes Asics GT-II Super Red 2.0 11 Ronnie Fieg Kith Red White 3M x gel grey volcano 2 http://t.co/2ufCC6gH3m,0
7944,rainstorm,"Sicamous, British Columbia",lizzie363 @CstSmith I drove thru deep water in a flash flood--rainstorm repair cost $14000. 25 yrs later people still thnk cars float!!!,1
3037,death,To The Right of You!,Ted Cruz Bashes Obama Comparison GOP To Iranians Shouting 'Death To America' http://t.co/tXETcysm1H | #tcot,1
5407,fire%20truck,,'Choose to be happy. Fire truck the rest.' http://t.co/tAmRCWfYgd ????? Review of Kick Push by @JayMcLeanAuthor,0
3935,devastated,Banbridge,'Er indoors will be devastated. RIP Arfur. #GeorgeCole,1
495,armageddon,Perthshire ,"Well done Celtic Fingers crossed for Aberdeen tomorrow night! 
Armageddon eh.... ??",0
8369,ruin,New York - Connecticut,Damn Wale knows how to ruin a song??,0
6653,landslide,,".Sink Holes Earth Slides And Avalanches&gt;&gt;https://t.co/XrRLnheLaP
#Allah #Islam #sinkhole #landslide #avalanche #USA #France #UK #usgs #emsc",1
7501,oil%20spill,United Kingdom,LA Times: Refugio oil spill may have been costlier bigger than projected http://t.co/g37huJx6et,1
3730,destroyed,"BodÌü, Norge",A person who blows himself up to kill others has no life in heaven because his ethereal body gets destroyed by doing it.,0
1866,burned,,I PUT MY CHICKEN NUGGETS IN THE MICROWAVE FOR 5 MINUTES INTEAD OF 1 ON ACCIDENT AND THEY FUCKING BURNED,0
2284,cliff%20fall,Suplex City,@punkblunts @sincerelyevelnn fall off a cliff into hell idc,0
8622,seismic,,On Thursday at 00:25 we updated our #kml of 2D and 3D #seismic exploration vessels. #offshore #oil http://t.co/btdjGWeKqx,0
6272,hijacking,Brazil,#hot  Funtenna: hijacking computers to send data as sound waves [Black Hat 2015] http://t.co/G62txymzBv #prebreak #best,0
7043,mayhem,"Detroit, Michigan",I liked a @YouTube video from @itsjustinstuart http://t.co/Mnkaji2Q1N GUN RANGE MAYHEM!,0
2390,collapsed,on the web,'It hasn't collapsed because the Greek people are still being played for as fools by Tsipras he costÛ_' ÛÓ WallyBaiter http://t.co/gbRNuLp3fH,0
4884,explode,"Bloomington, IN",After having two cans explode I wanted to drink the rest but these ... (Kaldi Coffee Stout) http://t.co/u6isXv2F3V #photo,0
10871,,,M1.94 [01:04 UTC]?5km S of Volcano Hawaii. http://t.co/zDtoyd8EbJ,1
5228,fatality,"Fort Wayne, IN",Kosciusko police investigating pedestrian fatality hit by a train Thursday http://t.co/JILfbR0UfP,1
10264,war%20zone,,mama I'm still thugging the world is a war zone,0
5792,hail,Calgary/Airdrie/RedDeer/AB,@tremblayeh we like big hail and we cannot lie!! #SirMixAlot,0
5732,forest%20fire,????????????,U.S. Forest Service firefighter David Ruhl 38 died in the 'Frog Fire' in the Modoc National Forest. He had been temporarily reassigned,1
5125,fatal,Winnipeg,Winnipeg police seek witnesses in Arlington and William fatal crash http://t.co/N2bCf4M64V,1
6727,lava,LA,i lava you! ????,0
9890,traumatised,"Tring, UK",A traumatised dog that was found buried up to its head in dirt in France is now in safe hands. This is such a... http://t.co/AGQo1479xM,0
2216,chemical%20emergency,,THE CHEMICAL BROTHERS to play The Armory in SF tomorrow night!: EMERGENCY BAY AREA EDM ANNOUNCEMENT ÛÒ THE CHEM... http://t.co/wBoGs8EjSj,0
3904,devastated,,@UN No more #GujaratRiot &amp; #MumbaiRiot92-93 which devastated 1000&amp;1000 Indianperpetrated by #Modi &amp; #ChawalChorbjp @UN_Women  @UNNewsTeam,1
9053,structural%20failure,Bukittinggi  ?? Sumatera Barat,Investigators say a fatal Virgin Galactic spaceship crash last year was caused by structural failure after the... http://t.co/FPrt7NwrOt,1
2687,crush,"Miami, FL",@Starflame_girl yeah I have a crush on her,0
2282,cliff%20fall,livin life in the 610,I accidentally killed an 87 day snap streak and now I wanna accidentally fall off a cliff ????????????????????,1
8767,siren,???  Dreamz,Coursing* '@WEYREY_gidi: Now they are causing Di Maria.. LOL',0
4529,emergency,,The eyes of the nation &amp; broader conservation community are on #Alaska @AKGovBillWalker reinstate emergency buffer #ProtectDenaliWolves,0
3490,derailed,,@Joelsherman1 DW was on his way to a better career than Chipper and that wasn't derailed until 2014. Shame.,0
806,battle,San Francisco,What really happened in the Taken King Story Trailer. A space battle that ripped a hole in Saturn. @EyTay @neur0sis http://t.co/ZYRZX6dfki,0
4027,disaster,"Lima, Peru",Û¢i'm the architect of my own disasterÛ¢,0
8578,screams,Sheffield/Leeds,I agree with certain cultural appropriation things but honestly if u looked at my house it screams appropriation bc Buddhas and stuff-,1
1219,blizzard,Ontario Canada,@TCGReno just hard reset my Xbox,0
7722,panicking,,all that panicking made me tired ;__; i want to sleep in my bed,1
5589,flood,,Internet basics: the flood defective intertissue is soul mate the milk trench host: GUAbxFv http://t.co/uzsQzYcB8X,1
4853,evacuation,"Portland, Ore. ",New evacuation ordered for 25 homes in danger of Hwy. 8 fire near Roosevelt Wash. http://t.co/SQsyUeh4yI #KOIN6News http://t.co/199t7ND0pm,1
9452,terrorism,"Winston-Salem, NC",NC Senate follows House on legal action on terrorism damages - Winston http://t.co/2Y5MoRpugt,1
5758,forest%20fires,,I'm about to cook your Smokey the Bear saving forest fires face ass  https://t.co/WtGGqS5gEh,0
8912,snowstorm,"South, USA",Sassy city girl country hunk stranded in Smoky Mountain snowstorm #AoMS http://t.co/ZDJ2hyF6RO #ibooklove #bookboost,0
5694,floods,,May Allah help all those suffering from the #Pakistan floods! You and your families are in our #Dua,1
9162,suicide%20bomber,United States,Suicide bomber 'hits Saudi mosque' http://t.co/kE6DjxAnmm,1
5085,famine,,@FinancialTimes Ethiopian regimes continue receiving foreign aid when famine struck for 2 years eastern Ethiopia  https://t.co/2fGgzQn1v4,1
5670,floods,"Sherwood, Brisbane, Australia",@madonnamking RSPCA site multiple 7 story high rise buildings next to low density character residential in an area that floods,0
2193,catastrophic,Planet Earth,Learning from the Legacy of a Catastrophic Eruption - The New Yorker http://t.co/t344PhNpy9,1
7221,natural%20disaster,"Aurora, IL",I added a video to a @YouTube playlist http://t.co/v2yXurne2p Natural Disaster Survival - HUG BY A GUEST!! on Roblox,0
8497,screaming,"21, Porto",I'M SCREAMING AND FANGIRLING OH MY GOD  https://t.co/WdVQlEWYBs,0
10741,wreckage,,Wreckage 'Conclusively Confirmed' as From MH370: Malaysia PM: Investigators and the families of those who were... http://t.co/cs8mYAunA4,1
6317,hostage,Roaming around the world,Islamic State group in Egypt threatens to kill Croat hostage http://t.co/eIoQJWgEiX,1
9074,structural%20failure,Bukittinggi  ?? Sumatera Barat,Investigators have said a Virgin Galactic spaceship crash was caused by structural failure after the co-pilot ... http://t.co/WC69XAJIs4,1
7617,pandemonium,"Durham, NC",Element of Freedom at Mirage Saturday! 21+ Ladies Free Before Midnight!' http://t.co/7hAnPcr5rK,0
9873,traumatised,,...the kids at the orphanage were obviously not too traumatised. http://t.co/DjA4relcnS,0
7520,oil%20spill,Street of Dallas,Refugio oil spill may have been costlier bigger than projected http://t.co/aP30psZkVx,1
2537,collision,"Peterborough, Ontario, Canada",Two-vehicle collision at Fowlers Corners at Hwy. 7 and Frank Hill Rd. is blocking the road: OPP. Only minor injuries to the occupants.,1
6218,hijacker,,Governor Allows Parole for School Bus Hijacker http://t.co/N71hMveRvv,1
10341,weapons,,Since the chemical-weapons 'red line' warning on 20 August 2012 LCC have confirmed that at least 96355 people have been killed in #Syria.,1
8252,rioting,NYC,".@runjewels recently met with the @BBC to discuss race relations in America &amp; the benefits of rioting. #LoveIsLove 
https://t.co/6Ce1vwOVHs",0
5350,fire,"Newark, NJ",This nigga Cyhi diss was what Meek was suppose to do. This shit actually fire,0
4931,exploded,,"that exploded &amp; brought about the
beginning of universe matches what's
mentioned in the versethe heaven and Earth
(thus the universe)",0
10077,typhoon,Unites States,Obama Declares Disaster for Typhoon-Devastated Saipan http://t.co/CanEyTtwEV #international,1
5319,fire,2 high 2 come down ,@Miss_HoMaStToPa cause were on fire we are on fire were on fire now.. Yeah were on fire we are on fire were on fire nowwwwww,1
9869,traumatised,dublin ,@ianokavo96 he's still traumatised,0
9813,trauma,"Detroit, MI",#NissanNews : Trauma Alert and 1 Child Among 6 Hospitalized After 2-Car Wreck on A1A Near Bing's Landing: The ... http://t.co/9dWyJqvFY4,1
9719,tragedy,"Pennsylvania, USA",@HomeworldGym @thisisperidot D: What? That's a tragedy. You have a wonderful nose,0
7589,outbreak,?? ?+254? ? \??å¡_??å¡_???å¡_?/??,Families to sue over Legionnaires: More than 40 families affected by the fatal outbreak of Legionnaires' disea... http://t.co/lfbdhTGQWG,1
2512,collision,"Ontario, Canada",COLLISION: #Hwy401 EB just east of Hwy 8 #Cambridge Single vehicle blocking the left lane. #OPP enroute. ^ag,1
4112,drought,Caribbean,"Heat wave is relentless:  91å¡F Feels Like 100 Humidity 55% +
relentless drought too: now Dominicana. I know is worse in other places.",1
5975,hazard,,8/6/2015@1:32 PM: HAZARD IN HIGH TRAFFIC AREA at 5000 DEANS BRIDGE RD http://t.co/itZzKWfhG5,1
2766,curfew,Garden Grove,ExOfficio Men's Boxer Brief Curfew Large http://t.co/acb0ryeNuo,0
9499,terrorist,,HereÛªs how media in Pakistan covered the capture of terrorist Mohammed Naved http://t.co/3MtWh0jJns,1
8664,sinkhole,,Massive Sinkhole Emerges In Brooklyn http://t.co/n3Ow73Oasw http://t.co/Gs9bmplbHH,1
8727,sinking,,That horrible sinking feeling when youÛªve been at home on your phone for a while and you realise its been on 3G this whole time.,0
9451,terrorism,"Salt Lake City, UT",Woman sneaks into airplane cockpit; terrorism not suspected http://t.co/1W58Ehv9S1 http://t.co/p8Ih0hni3l,1
201,airplane%20accident,,@AlexAllTimeLow awwww they're on an airplane accident and they're gonna die what a cuties ???? good job!,1
6477,injured,,Udhampur terror attack: Militants attack police post 2 SPOs injured: Suspected militants tonight attacked a p... http://t.co/cEKbxJmPBj,1
6800,loud%20bang,Kenya,tkyonly1fmk: Breaking news! Unconfirmed! I just heard a loud bang nearby. in what appears to be a blast of wind from my neighbour's ass.,0
8800,sirens,828??864??803,@_DANGdaddy the sirens are telling you to get ready to TURN UP???????? http://t.co/qAQqrJv9gU,0
3459,derailed,"Washington, DC",Happy no one was hurt when #wmata train derailed. Also the express bus is so much better than metro rail http://t.co/7cEhNV3DKy @fox5newsdc,1
9263,sunk,Bracknell,@SaintRobinho86 someone has to be at the bottom of every league. Tonight clearly demonstrated why the Lions are where they are - sunk!,1
5644,flooding,don't run,And last year it was just a lot of 'THE DRUMS ARE FLOODING' and 'JANICE I'M FALLING',0
4479,electrocuted,"Redondo Beach, CA",Do babies actually get electrocuted from wall sockets? I'm wondering how I and those before me survived childhood.,1
9629,thunderstorm,"Oklahoma City, OK",Severe Thunderstorm Warnings have been cancelled in central Oklahoma. Still expect 50 mph winds penny sized hail,1
7594,outbreak,Pro-American and Anti-#Occupy,"#BREAKING 10th death confirmed in Legionnaires' outbreak in South Bronx; total cases reaches triple digits
http://t.co/TxrsWi0efg",1
240,airplane%20accident,Israel,I had a airplane accident.,1
3034,death,,New crime: knowing your rights. Punishable by death,0
9745,tragedy,,Robert Gagnon reviews the catastrophe of imposing same-sex marriage and how Christians should respond http://t.co/HIpklxpHnp,1
3091,deaths,Tennessee/Gallifrey,@mathew_is_angry @Z3KE_SK1 @saladinahmed they died horrible deaths trapped in the ships but they knew that was a risk.,1
7623,pandemonium,Lagos,&gt;&gt; @GidiExclusixe Shock In Aba As Woman Delivers Û÷FacelessÛª Baby [Photo]: There was pandemonium... http://t.co/RGTYZbNKeo #BennyCapricon,0
8445,screamed,,Update: The police seemed like nice enough people. I felt bad when I transformed and they screamed... Don't worry they're only unconscious.,0
6310,hostage,,Related News: 'ISIS video' threatens hostage - Europe - CNN |  http://t.co/Wk6B5z803o,1
7943,rainstorm,Seattle,@Robot_Rainstorm I'm.sort of interested in what fonts they're using.,0
3328,demolished,,Just demolished a Snowball ??,0
5367,fire%20truck,,#reno Truck trailer catches fire in Reno http://t.co/k5FIJaNkJb,1
802,battle,,It's baaaack!  Petersen's Bowhunting Battle of the Bows.  Make sure you head on over and cast your vote for your... http://t.co/FJ73gDvg2n,0
10011,twister,Everywhere,Just stop fucking saying ÛÏa whole Û÷notherÛ. It just sounds fucking stupid. You fucking mean ÛÏa whole otherÛ. Not a fucking tongue-twister.,0
8673,sinkhole,Texas af,Damn that sinkhole on sunset????,1
424,apocalypse,"San Antonio-ish, TX",Dad bought a DVD that looks like a science doc on the front but I read the back and it's actually about the impending biblical apocalypse,1
10332,weapon,Denver Colorado. Fun Times,"Lol
Look how tough some people talk that live in some of the most gang infested cities in America
Your mouth isn't a weapon
You fucking wimp",1
5908,harm,TX,I've been meaning to harm you in the best way I see fit??,0
8392,sandstorm,"Scituate, MA",@CTAZtrophe31 Everything must be OK because she's listening to 'Sandstorm' now...,0
4006,disaster,,å¬'Only the sea knows how many are dead' @MSF_Sea after last disaster in #Mediterranean turned into a massgrave  http://t.co/m0utLDif77,1
621,arsonist,ss,who makes these? http://t.co/28t3NWHdKy,0
277,ambulance,L. A.,http://t.co/pWwpUm6RBj Twelve feared killed in Pakistani air ambulance helicopter crash http://t.co/ySpON4d6Qo,1
10743,wreckage,WorldWide,#Australia #News ; RT janeenorman: 'High probability' aircraft wreckage is from #MH370 according to Deputy Prime Û_ http://t.co/cdOHgnJmsT,1
1433,body%20bagging,"ÌÏT: 39.982988,-75.261624",@fuckyeahcarey @BornVerified drake killing this dude and tea bagging the dead body at this point,1
3723,destroyed,"MontrÌ©al, QuÌ©bec",The grenade sound effect on 'Impossible' just destroyed about 10 other hoes careers ??,0
10847,,,An IS group suicide bomber detonated an explosives-packed vest in a mosque inside a Saudi special forces headquarters killing 15 people.,1
2314,collapse,New York City,Interview on The Collapse of Materialism Best #TalkRadio Listen Live: http://t.co/sDXZHjco0X,1
1747,buildings%20burning,,Ever since Kelly's burned I keep having dreams about being inside burning buildings ??,0
1605,bombed,,@CheetosArabia @Crudes It feels like if i would try to grab one off hes Cheetos i'll get bombed.,0
9264,sunk,"London, England",It still hasn't sunk in that I've actually met my Idol ????,0
2118,catastrophe,,@peterjukes But there are good grounds to believe that 'political military catastrophe' was a crime planned and committed by individuals.,1
8542,screams,lesa * she/her,@TromboneTristan OOOOOHSHIT OOOHSHIT SCREAMS hell I LOVE,0
2807,cyclone,"Des Moines, Iowa ",'The Big Ten has their annual football media day but before we get into that here's some Cyclone hoops recruiting nuggets',1
3054,deaths,,Bigamist and his Û÷firstÛª wife are charged in the deaths of his Û÷secondÛª pregnant wife her child 8 her mother her nephew 1 and their uÛ_,0
471,armageddon,"Florida, USA","Vladimir Putin Issues Major Warning But Is It Too Late To Escape Armageddon?
http://t.co/gBxafy1m1C",1
6536,injury,beijing .China,Rory McIlroy to Test Ankle Injury in Weekend Practice #chinadotcom #sports http://t.co/UDTGWfSc3P http://t.co/V5wSx0LQN2,0
2856,damage,"Texas, USA",I liked a @YouTube video http://t.co/tBX8cAKdrw GTA 5 Online - COLLATERAL DAMAGE! (GTA V Online PC),0
2983,dead,"Sochi, KDA, RU",@hlportal Hello! I'm looking for mod Cold Ice. I saw it on your site but link to download dead. Maybe you have it and share with me? Thanks.,0
10028,twister,,"Check out 'Want Twister Tickets AND A VIP EXPERIENCE To See SHANIA? CLICK HERE:' at  http://t.co/3GEROQ49o1
I would Love Love Love!! To win",0
2593,crash,"Lancaster, Pennsylvania, USA",Police respond to crash find 'suspected heroin' http://t.co/oJoecW29qa,1
4974,explosion,,Exploring New Worlds: Three Moments of an Explosion by China MiÌ©ville http://t.co/OTrwZ1t9sp http://t.co/xVlkFCvfX5,1
1662,bombing,North East USA,"What it was like to survive the atomic bombing of Hiroshima
http://t.co/LGrOcbXPqo",1
1288,bloody,"England,UK,Europe,Sol 3.",@LauradeHolanda I have the Forrest version from '83 that's bloody awful as well :))) xxx,0
3397,demolition,"California, USA",Seven Chinese Christians Are Detained Amid Widespread Anger Over Cross Demolition http://t.co/65xR1p9sOO,1
10481,wild%20fires,,Wild land fires.. Here I come. ??????,1
2708,crushed,wherever there's netflix,BHAVANA'S MOM HAS CRUSHED EVERYONE'S SOUL,0
4161,drown,,Some days I drown in my tears but I don't let it get me down,0
8545,screams,xiumin's nonexistent solos,//screams in the distance// http://t.co/Cfe9HUQN0h,1
7839,quarantine,London,Reddit updates content policy promises to quarantine Û÷extremely offensiveÛª communities http://t.co/PLmIWOfpom,0
1138,blight,"Maryland, USA",@realhotcullen I agree but I knew we'd be going to the deep roads again because they found Blight in red lyrium. It ain't over yet &gt;_&gt;,0
8368,ruin,fujo garbage heaven ,IT WAS REALLY AWFUL AND I CANT EVEN WORK WITH A MAKE UP ARTIST NOW BECAUSE THEY WILL RUIN THINGS.,0
5990,hazardous,,JAX issues Hazardous Weather Outlook (HWO) http://t.co/fuCOQhcLAD,0
3132,debris,"Dubai, United Arab Emirates",What Irony Debris of Flight MH370 found on 'Reunion Island'.,1
7753,police,,Police unions retard justice &amp; drain gov $ but cops vote 4 Rs so Rs go after teachers unions instead! @DCCC @VJ44 @Lawrence @JBouie @mmfa,0
3572,desolate,Here there and everywhere,I totally agree. They rape kill destroy and leave land desolate. Action needs to happen before the swarm swells. https://t.co/Twcds433YI,1
5791,hail,,All Hail Shadow (Hybrid Mix Feat. Mike Szuter): http://t.co/9e2f7bIvlE @youtube ##youtube,1
712,attacked,,Christian Attacked by Muslims at the Temple Mount after Waving Israeli Flag via Pamela Geller - ... http://t.co/U0kEOe5fMt,1
9485,terrorism,,http://t.co/EQjCpWILVn: Articles In Saudi Press Reject Russian Initiative For Regional Alliance With Assad Regime To Fight Terrorism,0
7169,mudslide,the burrow,DORETTE THATS THE NAME OF THE MUDSLIDE CAKE MAKER,0
3056,deaths,"Mooseknuckle, Maine","ÛÏ@LOLGOP: 2.2 cases of voter fraud a year. 
WE NEED NEW LAWS!

83 gun deaths a day. 
WHO ACTUALLY FOLLOWS LAWS AMIRITE?

#VRA50Û",1
1501,body%20bags,Swaning Around,US Û÷Institute Of PeaceÛª Chairman Wants Russian Body Bags http://t.co/owbUjez3q4,0
6247,hijacking,World,The Murderous Story Of AmericaÛªs First Hijacking: Earnest PletchÛªs cold-blooded killing ofÛ_ http://t.co/B9JAxx0vCf,1
6764,lightning,,Science Daily: Lightning reshapes rocks at the atomic level - A lightning strike can reshape a mineral's crystal s... http://t.co/TEZLTqeyw2,1
10518,wildfire,"California, USA",California is battling its scariest 2015 wildfire so far - the Rocky Fire http://t.co/sPT54KfA9Q,1
1177,blight,,Locksmithing-art respecting elaboration only blight locks: lPDkl,0
7634,pandemonium,,My workplace is going to be pandemonium when the season starts ??,0
8453,screamed,sneaking glances at Thancred,@mogacola @zamtriossu i screamed after hitting tweet,0
8208,riot,"Uppsala, Sweden",Seriously do we have to do a tactical riot against the headquarters of Disney and Marvel...,0
4105,drought,,http://t.co/vYmnRnSThG: U.S. in record hurricane drought http://t.co/1mvSQG0XKE,1
197,airplane%20accident,Pennsylvania,Strict liability in the context of an airplane accident: Pilot error is a common component of most aviation cr... http://t.co/6CZ3bOhRd4,1
3870,detonation,,Ignition Knock (Detonation) Sensor-Senso Standard KS100 http://t.co/7o4lNfBe7K http://t.co/fVZSGJtBew,0
3848,detonation,,Ignition Knock (Detonation) Sensor-Senso Standard fits 03-08 Mazda 6 3.0L-V6 http://t.co/c8UXkIzwM6 http://t.co/SNxgH9R16u,0
375,annihilation,,@Whippenz We need help! Horses will die!Please RT &amp; sign petition!Take a stand &amp; be a voice for them! #gilbert23 https://t.co/e8dl1lNCVu,0
8938,snowstorm,Mpela'zwe ,LRT refer to the lyrics to hear Big Boi explain why heÛªs as cool as ÛÏsippinÛª a milkshake in a snowstorm' lame bars but effective at the time,0
18,,,#raining #flooding #Florida #TampaBay #Tampa 18 or 19 days. I've lost count ,1
6344,hostages,Tennessee,#hot  C-130 specially modified to land in a stadium and rescue hostages in Iran in 1980 http://t.co/zLco4UE5OQ #prebreak #best,1
9404,survivors,"Chicago, IL","RT @kotowsa: South SudanÛªs war on women: survivors say rape has become 'just a normal thing' 
https://t.co/MexwoHd3TG http://t.co/gB46FiD2wE",1
10278,war%20zone,,@RobertONeill31 Getting hit by a foul ball while sitting there is hardly a freak accident. It's a war zone.,0
8455,screamed,"Charlotte, North Carolina",I thought the loudest goal I ever screamed was Higuain's offside goal against Germany,0
4314,dust%20storm,,Dust devil maintenance fee - buy up la rotary storm guard: UVoPWZ,0
1375,blown%20up,Gotham,@HopefulBatgirl went down I was beaten and blown up. Then next thing I know Ra Al Ghul brought me back to life and I escaped and for a---,1
7297,nuclear%20reactor,,Finnish Nuclear Plant to Move Ahead After Financing Secured-&gt; http://t.co/uHkXMXaB9l,0
868,bioterror,Across the Atlantic,#BreakingNews http://t.co/gAN14PW9TG FedEx no longer willing to transport research specimens of potential bioterÛ_ http://t.co/5n4hUsewLy,0
10593,wounded,Venezuela,Richmond police officer wounded suspect killed http://t.co/m9d2ElImZI,1
4774,evacuated,"Denver, Colorado",13000 evacuated as California firefighters fight flames to save homes. #RockyFire http://t.co/tB52o146tx http://t.co/tsbTiGDSDT,1
4005,disaster,,@LovelyLikeLaura I can see why one of your favorite books is 'Beautiful Disaster' it may now be one of mine??,0
3670,destroy,,@CameronCiletti @tigersjostun I can destroy u,0
2347,collapse,United Kingdom,Now that's what you call a batting collapse #theashes,1
8973,storm,#BossNation!,Finna storm. Fuck my back boutta start hurting like a mf ??????,0
9253,sunk,,has NOT sunk in that i leave for school in a month,0
232,airplane%20accident,Havenford,"+ Nicole Fletcher one of a victim of crashed airplane few times ago. 

The accident left a little bit trauma for her. Although she's 

+",1
8461,screamed,,don't stop believing just came on the radio at this restaurant and a lil white bit screamed 'it's mommys song',0
1675,bridge%20collapse,,Sioux City Fire Officials Believe Bridge Collapse Lead To Cement Truck Roll Over - Siouxland Matters: Siouxlan... http://t.co/sZTGmbkoHG,1
10827,wrecked,,He just wrecked all of you http://t.co/y46isyZkC8,0
8953,storm,mind ya business,@Jenniferarri_ comeeeee! ...but why is it bout to storm tho,1
1009,blazing,,@ACOUSTICMALOLEY no he was blazing it,0
6878,mass%20murder,,He made such a good point. White person comings mass murder labelled as criminal minority does the same thing... http://t.co/37qPsSnaCv,0
8908,snowstorm,Australia,@Habbo bring back games from the past. Snowstorm. Tic tac toe. Battleships. Fast food. Matchwood.,1
5264,fear,Yewa zone,"The meaning I picked the one that changed my life: overcome fear behold wonder.

TCC catch the light... endless... http://t.co/eeRkH8ljws",0
6879,mass%20murder,Anonymous,http://t.co/FhI4qBpwFH @FredOlsenCruise Please take the #FaroeIslands off your itinerary until the mass murder of dolphins &amp; whales stops.,0
1691,bridge%20collapse,Pittsburgh PA,@BloopAndABlast Because I need to know if I'm supposed to throw myself off a bridge for a #Collapse or plan the parade. There is no both,0
7681,panic,worldwide,@montetjwitter11 @Mets @audreyp77 @teena_797 @darryl_brooks @EliteSportsNY @LopezandtheLion no panic from #NatsNation but concern for sure,0
10565,windstorm,,If you find your patio table umbrella and chairs flipped over and suspect foul play (instead of windstorm) you may be a suspense writer.,0
915,bioterrorism,,@HowardU If 90BLKs&amp;8WHTs colluded 2 take WHT F @USAgov AUTH Hostage&amp;2 make her look BLK w/Bioterrorism&amp;use her lgl/org IDis ID still hers?,1
4520,emergency,buhh,the new quest type is 'level up quest'. its an always present quest with x2 exp designed to help people level up outside of emergency quests,0
9180,suicide%20bomber,,IS claims suicide bombing against Saudi police: An Islamic State group suicide bomber on Thursday detonated an... http://t.co/Dn5Buo7GSK,1
3948,devastation,Columbus,@WesleyLowery ?????? how are you going to survive this devastation?,1
8500,screaming,tx,@camilacabello97 Internally and externally screaming,1
9417,survivors,"Philadelphia, Pennsylvania",Molecularly targeted cancer therapy for his #LungCancer gave Rocky his life back. http://t.co/TwI3pYm7Us http://t.co/qT8JMD9pI1,0
6108,hellfire,"11th dimension, los angeles",That hellfire song from the hunchback of notre dame reminds me a lot of my house,0
1513,body%20bags,Bushkill pa,#IranDeal most members of Congress who don't want this deal don't have any kids who would b coming home in body bags. War makes them money,0
3123,debris,Seattle,#love #food #fun Malaysian Prime Minister Najib Razak confirmed that the aircraft debris found on RÌ©union Isla...  http://t.co/FK1L4noziG,1
2566,crash,,Deliver Value: A Cash Source Crash Course http://t.co/st5fGBLsYe #course http://t.co/0uK0H9hOzn,1
8419,sandstorm,USA,Watch This Airport Get Swallowed Up By A Sandstorm In Under A Minute http://t.co/akNyNPv461,1
2502,collided,California ,Can't watch PVRIS I'm so sad bc it collided with another set,1
7395,obliterated,satan's colon,@horiikawa i played online last night and got my ass obliterated,0
8120,rescued,"Winston-Salem, NC",'You can only be rescued from where you actually are and not from where you pretend you are.' Giorgio Hiatt,0
5357,fire,,Smelling a Bon fire while driving makes me wanna be sitting near one making s'mores ????,1
2478,collided,,The 2 cars right in front of me collided and If I hadnt stopped in time it would've been me too. #ButGod ????,1
6655,landslide,,@hoodedu You fucking better Berlatsky.  If I don't win this fucking thing in a landslide I'm holding you personally fucking responsible.,0
7790,police,Indonesia,Oops: Bounty hunters try to raid Phoenix police chief's home: A group of armed bounty hunters surrounded the h... http://t.co/dGELJ8rYt9,1
2813,cyclone,Republic of the Philippines,"A new tropical cyclone is forming near Guam.

Once it is formed it will be called 'Molave'.",1
2057,casualties,,Afghanistan: sharp rise in women and children casualties in first half of 2015 http://t.co/3sqSErgnI2,1
3998,disaster,"Los Angeles, London, Kent",I forgot to bring chocolate with me. Major disaster.,0
5087,famine,Ukraine,Reuters: Russian 'food crematoria' provoke outrage amid crisis famine memories http://t.co/SI02QRgukA http://t.co/0C1y8g7E9p,1
2288,cliff%20fall,36 & 38,i hope u trip n fall of a cliff after this tweet https://t.co/3hoIkDmoCB,0
7534,oil%20spill,,Refugio oil spill may have been costlier bigger than projected http://t.co/GusrAmzp1s #news,1
5177,fatalities,"Washington, DC & Charlotte, NC",@unsuckdcmetro minor train leaves rails. Major = 1/13/82 Smithsonian Interlocking derails &amp; crashes into barrier wall w/ fatalities.,1
6699,lava,"Pocatello, Idaho",Perfect night for a soak! Lava here I come?? http://t.co/cyv2zG935g,0
10555,windstorm,,Reality Training: Train falls off elevated tracks during windstorm http://t.co/wAL4FrTfKa #fire #ems,1
7590,outbreak,,An outbreak of Legionnaires' disease in New York has killed at least 8 people ÛÓ now officials think they've fo... http://t.co/7evyeLW4LC,1
2040,casualties,,Civilian Casualties in Afghanistan Reach Record High http://t.co/r8pTVFUh5X http://t.co/npCKK0tlEQ,1
7583,outbreak,Finland,Families to sue over Legionnaires: More than 40 families affected by the fatal outbreak of Legionnaires' disea... http://t.co/ZA4AXFJSVB,1
3013,death,on the go,A Year Later Ferguson Sees Change but Asks if ItÛªs Real http://t.co/H9vmMDEbDx,0
4898,explode,they/them,"tagged by @attackonstiles 

millions
a-punk
hang em high
alpha dog
yeah boy and doll face
little white lies
explode http://t.co/lAtsSUo4wS",0
7408,obliterated,#freegucci,"Me- Don't bother calling or texting me because my phone is obliterated

*has 7k missed calls and messages*",0
10415,whirlwind,Richardson TX,???? throwback Thurs ?? ????  Will You Still Love Me Tomorrow http://t.co/wmoyibWEc1 ??   @LucyMayOfficial  ?? ?? #Whirlwind http://t.co/0rsverLzTm,0
5386,fire%20truck,Los Angeles,133 N past  the 5 L lane is reopened. All other lanes are closed. All lanes are open on the 133 S. Trash truck fire cleanup. @KNX1070,1
6796,lightning,"Waverly, IA","'When you walk away
Nothing more to say
See the lightning in your eyes
See Û÷em running for their lives'",0
9794,trapped,,Hollywood Movie About Trapped Miners Released in Chile: 'The 33' Hollywood movie about trapped miners starring... http://t.co/tyyfG4qQvM,1
6665,landslide,USA,Speaking of memorable debates: 60-Second Know-It-All: Ronald Reagan's landslide romp on Election Day in 1980 m... http://t.co/2XOhtjQJWh,0
6265,hijacking,tokyo,#hot  Funtenna: hijacking computers to send data as sound waves [Black Hat 2015] http://t.co/gexHzU1VK8 #prebreak #best,0
9619,thunderstorm,Sydney,Beautiful lightning as seen from plane window http://t.co/5CwUyLnFUm http://t.co/1tyYqFz13D,0
5722,forest%20fire,"Redding, California, USA",View of smoke column rising above the south end of the Blake Fire along Forest Road 1. #RouteComplex http://t.co/Yqg5Pvw5gX,1
8934,snowstorm,Porthcawl,I liked a @YouTube video http://t.co/z8Cp77lVza Boeing 737 takeoff in snowstorm. HD cockpit view + ATC audio - Episode 18,1
2891,damage,"Rockville, Maryland",#Glaucoma occurs when fluid builds up pressure inside #eye to a level that may damage optic nerve #eyefacts,1
1196,blizzard,,@blizzard_fans Lucio!! Let's get the #overwatch hype train rolling some more!! Caution though there aren't any breaks,0
6462,injured,Doghouse,Injured Barcelona full-back Alba out of Super Cup http://t.co/jYiEgtnC6H,0
1185,blizzard,columbus ohio,@StevenOnTwatter @PussyxDestroyer just order a blizzard pay then put your nuts in it say they have you ball flavored. Boom free ice cream,0
8607,seismic,,29% of #oil and #gas organizations have no real-time insight on #cyber threats. See how #EY can help http://t.co/qamgvQAFzc,0
7687,panic,Toronto,tomorrow's going to be a year since I went to the Panic! concert dressed as afycso ryan do u guys remember that,1
1474,body%20bagging,401 livin',Aubrey really out here body-bagging Meek.,1
5595,flood,New York,Spot Flood Combo 53inch 300W Curved Cree LED Work Light Bar 4X4 Offroad Fog Lamp - Full reÛ_ http://t.co/5xmCE6JufS http://t.co/3Zo7PX3p1V,0
2963,dead,,We just happened to get on the same road right behind the buses I'm dead serious,0
2643,crashed,Kingswinford,I just nearly crashed my car typing 'Paul Rudd attacked by flying ants' into notes on my phone.,0
10578,windstorm,"Sugar Land, TX",Texas Seeks Comment on Rules for Changes to Windstorm Insurer http://t.co/BZ07c9WthX via @ijournal,0
1900,burning,"Paradise, NV",Uhhhhh demon hunters. But not the whole Burning Crusade v 2.0 thing.  https://t.co/oPtpS1lgKC,0
8747,siren, New England,'Amateur Night' Actress Reprises Role for 'Siren' - HorrorMovies.ca #horror http://t.co/W9Cd6OFfcj,1
3083,deaths,UGA '15 Alumnus - Economics ,None of you annoying crusty 'All Lives Matter' head ass people ever actually support causes you just hate when black deaths get attention.,0
2885,damage,"261 5th Avenue New York, NY ",Does homeowners insurance cover water damage? Here are some good things to know. http://t.co/0uSDI5JCHo http://t.co/xyg7JhRjoF,1
3989,devastation,Washington DC,Fascinating pics from inside North Korea. Not propaganda not devastation - just people living life. http://t.co/E2Dbcpwd9u,0
895,bioterrorism,"Hudson Valley, NY",Volunteers needed to participate in Emergency Preparedness drill simulating a bioterrorism disaster: http://t.co/NWV2RvGHf3 @HVnewsnetwork,1
4166,drown,,@Lwilliams_13 I'll drown you in the river walk,0
6921,mass%20murderer,"Eww, I'm not Paul Elam","Reminder: Mass murderer and white supremacist Anders Breivik was also unsurprisingly an anti-feminist.
http://t.co/1lXnJVl8TR",1
7889,quarantined,china,Top link: Reddit's new content policy goes into effect many horrible subreddits banned or quarantined http://t.co/0lpu0gR2j0,0
1741,buildings%20burning,GO BLUE! HAIL YES!!,@1acd4900c1424d1 @FoxNews no one is rioting burning down buildings or looting.,1
9161,suicide%20bomber,"19.600858, -99.047821",Mosque bombing strikes Saudi special forces; at least 15 people dead: A suicide bomber struck a mosque i... http://t.co/gigW51IZpK #news,1
5024,eyewitness,United States,Read an eyewitness account from #Hiroshima from this day in 1945 http://t.co/njAffyjaRz http://t.co/1xHSuEwQn4 #LIFE,1
6277,hijacking,Malaysia,The Murderous Story Of AmericaÛªs First Hijacking http://t.co/jmAwRLt7HB,1
7972,razed,,The Latest: More Homes Razed by Northern California Wildfire - ABC News http://t.co/d1VjOYg52A,1
9435,survivors,Anywhere Safe,@LawfulSurvivor T-Dog had been holed up in an apartment store with several other survivors Glenn Morales Andrea Jacqui and Merle.--,1
10860,,,a siren just went off and it wasn't the Forney tornado warning ??,1
2493,collided,"Traverse City, MI",Bicycle-SUV accident in Mesick: Police say that the bicyclist entered onto West M-115 and collided with a boat... http://t.co/A9gtOPyZK8,1
9801,trapped,,Hollywood movie about trapped miners released in Chile http://t.co/JJL89F9O3V,0
2937,danger,,The Danger and Excitement of Underwater Cave Diving http://t.co/8c3fPloxcr http://t.co/cBGZ9xuN2k,0
9724,tragedy,"San Diego, CA",The tragedy of life is not that it ends so soon but that we wait so long to begin it. ~ W.M. Lewis #quotes,0
3180,deluge,London,Perhaps 'historic' should be applied not to the deluge of recently exposed #ChildSexAbuse but the truly 'historic' scale of the cover-up,1
1102,blew%20up,va,Just realized my dude @_OnlyFTF was on that 'What Are Those' way before it blew up @ the tusky ?? game @robsimss @CantMissKid,0
5777,forest%20fires,"Portland, Oregon",Inciweb OR Update:  Rogue River-Siskiyou National Forest Fires  8/5/15 12:00 PM (Rogue River-Siskiyou NF AreaÛ_ http://t.co/LkwxU8QV7n,1
2330,collapse,,mentions of 'theatre +shooting' on Twitter spike 30min prior to $ckec collapse http://t.co/uuBOvy9GQI,1
4825,evacuation,,. @VELDFest announces refunds after Day two's extreme weather evacuation: http://t.co/PP05eTlK7t http://t.co/3Ol8MhhPMa,1
1772,buildings%20on%20fire,Intermountain West,.@greenbuildermag @NFPA to hold free webinar on #wildfire mitigation 8/19 at 2pm ET. http://t.co/xmsvOHKccP @Firewise @Michele_NFPA,1
2437,collide,"New Orleans, LA",#NowPlaying the playlist 'When Jazz and Hip-Hop Collide' in @TIDALHiFi http://t.co/mzQq5PAi8G,0
9271,sunk,,We may be just a week away from school but I don't think the idea of me being a senior has really sunk in yet,0
5835,hailstorm,"Calgary, AB",Well so much for outdoor postering @calgaryfringe #mothernature #hailstorm #rain #yycfringe #KILLHARD,1
3640,desolation,"Quilmes , Arg","This desperation dislocation
Separation condemnation
Revelation in temptation
Isolation desolation
Let it go and so to find away",1
2225,chemical%20emergency,"Las Vegas, Nevada",Bomb Crash Loot Riot Emergency Pipe Bomb Nuclear Chemical Spill Gas Ricin Leak Violence Drugs Cartel Cocaine Marijuana Heroine Kidnap Bust,1
9686,tornado,"Dindigul,TamilNadu.","@kunalkapoor Photo of the Day: Storm
Chaser
http://t.co/4WJy7seHmw
#photography #pod",1
4671,engulfed,,Men escape car engulfed in flames in Parley's Canyon crews investigating cause - http://t.co/tFan6qq2Ys http://t.co/rAkwWritPo,1
8068,rescue,,Coastal German Shepherd Rescue OC shared a link: 'Ecstatic Rescued Racco... http://t.co/t8Q6DzVgwX #animalrescue,0
6375,hostages,,"No #news of #hostages in #Libya

http://t.co/k9FBtcCU58

#India #terrorism #Africa #AP #TS #NRI #News #TRS #TDP #BJP http://t.co/XYj0rPsAI2",1
205,airplane%20accident,Hyderabad Telangana INDIA,Horrible Accident  Man Died In Wings of Airplane (29-07-2015) http://t.co/i7kZtevb2v,1
9815,trauma,LOCAL ATLANTA NEWS 4/28/00 - 4/28/15 FREELANCER,@RaabChar_28 @DrPhil @MorganLawGrp How do you self-inflict a wound to your side and blunt force trauma not consistent with fall dimensions?!,0
7742,panicking,,you can stop panicking ?????? @ogtomd  https://t.co/ZvRE6fFNyD,0
3047,death,"New York, New York",The first trial in the death of #CecilTheLion was just postponed http://t.co/fnmJE8GF7m http://t.co/nYe8ae2ifr,0
6342,hostages,Midwest,Sinjar Massacre Yazidis Blast Lack of Action OveråÊHostages http://t.co/Carvv6gsRb http://t.co/lAn76ZqKxG,1
4183,drown,,This weekend is me and Nathan's birthday weekend so if you want to drown yourself in beer do reckless things and potentially die hmu,0
7707,panicking,Oxford / bristol,Okay NOW I AM PANICKING,0
3163,deluge,,A deluge of eulogies  for #CecilTheLion on my WhatsApp  &gt;&gt;this too *tormented soul by matias xavier *,0
1759,buildings%20burning,"Savannah, GA",Sinking ships burning buildings &amp; Falling objects are what reminds me of the old us.,1
5525,flattened,"Essex, England",Would have just flattened the little midget ?? https://t.co/BhufevaGPu,0
1890,burning,"Black Canyon New River, AZ",Flames visible from fire in Tucson mountains: A lightning-caused fire burning in steep rocky terrain in mountainsÛ_ http://t.co/zRTRPL77QV,1
10106,typhoon,Dhaka,Obama Declares Disaster for Typhoon-Devastated Saipan: Obama signs disaster declaration for Northern Marians a... http://t.co/lEYJwNnAH8,1
1004,blazing,,I'm crazy enough to run in 95 degree mid-day heat under the blazing sun in a place where I'm notÛ_ https://t.co/OSUoIVNiGO,0
5529,flattened,Barbados,"#Floored4 #Flattened 

Early birds does get de cups .... so lag bout pun de dock and watch ppl drinkÛ_ https://t.co/r5StV25ZhQ",0
